event_id,recording,found_by,note
108636,https://www.facebook.com/NaturalResourcesCommittee/videos/229273101074850/,committee event page,"Natural Resources field hearing in Roosevelt, Utah, 2018-08-29: the committee's event page (EventID=405504) embeds its Facebook stream; no YouTube copy"
105809,nkXuTKmNPl0,committee event page,"Veterans' Affairs Health subcommittee markup, 2017-04-06: 14 minutes, under the index's 20-minute floor; veterans.house.gov's event page (EventID=1669) embeds it"
110981,75qq8_65jR0,channel cache,"Veterans' Affairs business meeting, 2020-09-10: 'Full Committee Virtual Business Meeting + Legislative Hearing' covers this and the same-day hearing"
110982,5dbuDzq-58k,channel cache,"Veterans' Affairs legislative hearing, 2020-09-10: 'Full Committee Hearing on Pending Legislation', the same session on the committee's other channel"
105282,8loyvW9axi0,YouTube search,"Financial Services 'Corporate Governance' hearing entered for 2016-09-09: held 2016-09-21 and uploaded as '092116 - ... (EventID=105364)', an event ID Congress.gov's export lacks"
117627,dHw1lCTjV5k,YouTube search,"Agriculture's record of the joint oversight hearing on food distribution shortages, 2024-09-11: the upload is on the House Appropriations channel"
101901,5keRF-cM10M,committee event page,"Oversight markup, 2014-03-12: oversight.house.gov/markup/14283/ embeds '3-12-2012 Committee Business Meeting - Markup' (year typo in the title)"
105562,dfswm8_JFjU,committee event page,Oversight markup of H.J. Res. 27 entered for 2017-02-13: the committee's page for it embeds the 2017-02-14 'Full Committee Business Meeting'
114558,Eohk7VwdFAA,committee event page,"Natural Resources legislative hearing on H.R. 4715, 5715 and 6707, 2022-03-31: the event page embeds 'Subcommittee for Indigenous Peoples of the United States Legislative Hearing'"
104107,K0S77E_fqPs,committee event page,"Veterans' Affairs record of the joint hearing with Oversight on VA and DoD electronic health records, 2015-10-27: the upload is on Oversight's channel"
104373,oVIDHorvAVk,channel cache,"Homeland Security's record of the joint hearing 'Wassenaar: Cybersecurity and Export Control', 2016-01-12: the upload is on Oversight's channel"
108754,BhwjiTpnSYo,committee event page,"Homeland Security's record of the joint hearing 'Interagency Cyber Cooperation', 2018-11-14: the upload is on Armed Services' channel"
108756,BhwjiTpnSYo,committee event page,"Homeland Security's second record of the same joint hearing, 2018-11-14"
111073,QHTZ6yfP9ws,channel cache,"Armed Services' record of the joint hearing 'Strengthening Biological Security', 2020-10-02: the upload is on Foreign Affairs' channel"
115752,Ihw5wBp55Ug,channel cache,"House Administration's record of the joint hearing with Oversight, 2023-04-19: 'Joint Hearing: Data Breach at the DC Health Exchange' is on Oversight's channel"
103713,Jlsy58CZcjM,committee event page,"Agriculture Nutrition subcommittee hearing on SNAP, 2015-07-15: the committee's event page embeds 'SubCmte examines evidence-based solutions ...' (73 min), posted the next day under a title unlike the meeting's"
105516,PnbEzbOQvq0,committee event page,"Oversight business meeting on its authorization and oversight plan, 2017-01-31: the committee's page for it embeds 'Full Committee Business Meeting - Part 1' (170 min); the committee held two meetings that day"
106456,CoauQ8nJppw,committee event page,"Homeland Security's record of the joint hearing 'Innovations in Security: Examining the Use of Canines', 2017-10-03: the upload is on Oversight's channel"
106585,k3wtzAIdjUE,committee event page,"Veterans' Affairs markup of H.R. 4243, 2017-11-08: the committee's event page embeds 'Full Committee Markup' (83 min); the committee held two meetings that day"
114670,kJ-6zJkglVM,committee event page,"Natural Resources legislative hearing on H.R. 4878 and others, 2022-04-28: the event page embeds 'Legislative Hearing | National Parks, Forests, and Public Lands' (238 min)"
116201,KyAq0piahk0,committee event page,"Veterans' Affairs Health subcommittee markup, 2023-07-18: the committee's page embeds 'Subcommittee on Health Markup' (36 min), posted the next day"
116201,6zjWGzxJ4UI,committee event page,the same markup on the committee Democrats' channel (52 min)
117715,OFcbmE2qMxo,committee event page,"Natural Resources markup, 2024-11-20: the event page embeds 'Full Committee Markup' (79 min), posted the next day, when the committee also met"
103797,Q3aG0CtZbU4,official channel metadata; manual source review,Select Committee on Intelligence—Republicans: World Wide Cyber Threats Hearing; actual broadcast start 2015-09-10. Public processed video confirmed by YouTube API 2026-09-29; duration PT1H50M59S. https://www.youtube.com/watch?v=Q3aG0CtZbU4
105722,ZwOuj31-fwc,official channel metadata; manual source review,"Select Committee on Intelligence—Republicans: Open Hearing on Russian Active Measures Investigation - Monday March 20, 2017; title states hearing date 2017-03-20. Public processed video confirmed by YouTube API 2026-09-29; duration PT5H34M59S. https://www.youtube.com/watch?v=ZwOuj31-fwc"
106152,LbnDBzSL6-0,official channel metadata; manual source review,Select Committee on Intelligence—Republicans: Russia Investigation Task Force Hearing with Jeh Johnson; actual broadcast start 2017-06-21. Public processed video confirmed by YouTube API 2026-09-29; duration PT2H21M57S. https://www.youtube.com/watch?v=LbnDBzSL6-0
106558,42c9oMBggIk,official channel metadata; manual source review,Select Committee on Intelligence—Republicans: Russia Investigative Task Force Hearing with Social Media Companies; actual broadcast start 2017-11-01. Public processed video confirmed by YouTube API 2026-09-29; duration PT2H39M54S. https://www.youtube.com/watch?v=42c9oMBggIk
108298,7m1uHxLDKN4,official channel metadata; manual source review,Select Committee on Intelligence—Republicans: China's Worldwide Military Expansion; actual broadcast start 2018-05-17. Public processed video confirmed by YouTube API 2026-09-29; duration PT2H36S. https://www.youtube.com/watch?v=7m1uHxLDKN4
109628,Hhqw2RunxLk,official channel metadata; manual source review,House Intelligence: Open Hearing on the Counterintelligence Implications of the Mueller Report; actual broadcast start 2019-06-12. Public processed video confirmed by YouTube API 2026-09-29; duration PT2H47M22S. https://www.youtube.com/watch?v=Hhqw2RunxLk
113911,e4PZT6ISHmE,official channel metadata; manual source review,House Intelligence: STAR Subcommittee Open Hearing on Microelectronics; actual broadcast start 2021-07-20. Public processed video confirmed by YouTube API 2026-09-29; duration PT1H17M26S. https://www.youtube.com/watch?v=e4PZT6ISHmE
115296,Z_yzAzIlsYY,official channel metadata; manual source review,GOP House Intelligence Committee: HPSCI Open Panel: Former National Security Officials; actual broadcast start 2023-02-08. Public processed video confirmed by YouTube API 2026-09-29; duration PT2H55M29S. https://www.youtube.com/watch?v=Z_yzAzIlsYY
115378,Mv5g5Bn4AD8,official channel metadata; manual source review,GOP House Intelligence Committee: HPSCI Open Panel: Think Tank Leaders; actual broadcast start 2023-02-28. Public processed video confirmed by YouTube API 2026-09-29; duration PT2H13M26S. https://www.youtube.com/watch?v=Mv5g5Bn4AD8
116058,iNDPH68S4ts,official channel metadata; manual source review,GOP House Intelligence Committee: HPSCI Open Panel With Former Members of the House Intelligence Committee; actual broadcast start 2023-06-07. Public processed video confirmed by YouTube API 2026-09-29; duration PT2H25M19S. https://www.youtube.com/watch?v=iNDPH68S4ts
116666,wIeGUfTLP70,official channel metadata; manual source review,GOP House Intelligence Committee: HPSCI Open Markup of FISA Reform and Reauthorization Act of 2023; actual broadcast start 2023-12-07. Public processed video confirmed by YouTube API 2026-09-29; duration PT46M56S. https://www.youtube.com/watch?v=wIeGUfTLP70
116929,HTfNHAdNbn0,official channel metadata; manual source review,GOP House Intelligence Committee: HPSCI Open Event: Annual Threat Assessment Hearing; actual broadcast start 2024-03-12. Public processed video confirmed by YouTube API 2026-09-29; duration PT3H26M26S. https://www.youtube.com/watch?v=HTfNHAdNbn0
117159,eg4u6T-pJvs,official channel metadata; manual source review,GOP House Intelligence Committee: HPSCI Open Panel With Former Members of Congress; actual broadcast start 2024-04-17. Public processed video confirmed by YouTube API 2026-09-29; duration PT1H9M17S. https://www.youtube.com/watch?v=eg4u6T-pJvs
117328,tI1C8JEtNPY,official channel metadata; manual source review,GOP House Intelligence Committee: HPSCI Open Panel With Think Tank Experts; actual broadcast start 2024-05-15. Public processed video confirmed by YouTube API 2026-09-29; duration PT1H42M31S. https://www.youtube.com/watch?v=tI1C8JEtNPY
118033,Qfjzf5als_I,official channel metadata; manual source review,GOP House Intelligence Committee: HPSCI Open Event: 2025 Annual Threat Assessment Hearing; actual broadcast start 2025-03-26. Public processed video confirmed by YouTube API 2026-09-29; duration PT2H45M51S. https://www.youtube.com/watch?v=Qfjzf5als_I
119048,FiRYe3egg00,official channel metadata; manual source review,GOP House Intelligence Committee: HPSCI Open Hearing: 2026 Annual Threat Assessment Hearing; actual broadcast start 2026-03-19. Public processed video confirmed by YouTube API 2026-09-29; duration PT3H2M26S. https://www.youtube.com/watch?v=FiRYe3egg00
119315,vI6LEJaOd44,official channel metadata; manual source review,GOP House Intelligence Committee: HPSCI Open Hearing: Examining 9/11 Commission Intelligence Recommendations 25 Years Later; actual broadcast start 2026-05-20. Public processed video confirmed by YouTube API 2026-09-29; duration PT1H55M1S. https://www.youtube.com/watch?v=vI6LEJaOd44
105992,p59dM366keI,official channel metadata; manual source review,Select Committee on Intelligence—Republicans: Open Hearing on the Russia Investigation Task Force; actual broadcast start 2017-05-23. Public processed video confirmed by YouTube API 2026-09-29; duration PT2H10M53S. https://www.youtube.com/watch?v=p59dM366keI
114761,aSDweUbGBow,official channel metadata; manual source review,House Intelligence: Open C3 Subcommittee Hearing on Unidentified Aerial Phenomena; actual broadcast start 2022-05-17. Public processed video confirmed by YouTube API 2026-09-29; duration PT1H32M50S. https://www.youtube.com/watch?v=aSDweUbGBow
338678,https://www.senate.gov/isvp/?comm=finance&type=arch&stt=&filename=finance072326&auto_play=false&wmode=transparent&poster=https%3A%2F%2Fwww%2Efinance%2Esenate%2Egov%2Fthemes%2Ffinance%2Fimages%2Fvideo%2Dposter%2Dflash%2Dfit%2Epng,official committee event page; manual source review,Exact committee page date and named nominees/legislation match native event; embedded publisher recording. https://www.finance.senate.gov/hearings/open-executive-session-to-consider-the-nominations-of-francis-brooke-of-virginia-to-be-deputy-secretary-of-the-treasury-erin-browne-of-new-york-to-be-an-under-secretary-of-the-treasury-sriprakash-kothari-of-massachusetts-to-be-an-assistant-secretary-of-the-treasury-and-george-mcmaster-of-south-carolina-to-be-an-assistant-secretary-of-the-treasury
338704,https://www.senate.gov/isvp/?type=arch&auto_play=false&comm=commerce&poster=https%3A%2F%2Fwww.commerce.senate.gov%2Fwp-content%2Fuploads%2F2025%2F10%2Fcommerce-video-poster.png&filename=commerce080526,official committee event page; manual source review,Exact committee page date and named nominees/legislation match native event; embedded publisher recording. https://www.commerce.senate.gov/meetings/executive-session-24-08-05-2026/
