committee_name,handle,total_videos,missing_event_id,congress_number,control,chamber,with_captions
Agriculture,@HouseAgDems,0,0,106,Republican,house,0
Agriculture,@HouseAgDems,0,0,107,Republican,house,0
Agriculture,@HouseAgDems,0,0,108,Republican,house,0
Agriculture,@HouseAgDems,0,0,109,Republican,house,0
Agriculture,@HouseAgDems,0,0,110,Democratic,house,0
Agriculture,@HouseAgDems,0,0,111,Democratic,house,0
Agriculture,@HouseAgDems,0,0,112,Republican,house,0
Agriculture,@HouseAgDems,0,0,113,Republican,house,0
Agriculture,@HouseAgDems,0,0,114,Republican,house,0
Agriculture,@HouseAgDems,0,0,115,Republican,house,0
Agriculture,@HouseAgDems,43,8,116,Democratic,house,0
Agriculture,@HouseAgDems,77,71,117,Democratic,house,0
Agriculture,@HouseAgDems,30,30,118,Republican,house,0
Agriculture,@HouseAgDems,53,53,119,Republican,house,1
Appropriations,@HouseAppropriationsCommittee,0,0,106,Republican,house,0
Appropriations,@HouseAppropriationsCommittee,0,0,107,Republican,house,0
Appropriations,@HouseAppropriationsCommittee,0,0,108,Republican,house,0
Appropriations,@HouseAppropriationsCommittee,0,0,109,Republican,house,0
Appropriations,@HouseAppropriationsCommittee,0,0,110,Democratic,house,0
Appropriations,@HouseAppropriationsCommittee,0,0,111,Democratic,house,0
Appropriations,@HouseAppropriationsCommittee,24,24,112,Republican,house,0
Appropriations,@HouseAppropriationsCommittee,119,30,113,Republican,house,0
Appropriations,@HouseAppropriationsCommittee,327,43,114,Republican,house,0
Appropriations,@HouseAppropriationsCommittee,206,8,115,Republican,house,0
Appropriations,@HouseAppropriationsCommittee,273,12,116,Democratic,house,4
Appropriations,@HouseAppropriationsCommittee,230,2,117,Democratic,house,0
Appropriations,@HouseAppropriationsCommittee,218,32,118,Republican,house,14
Appropriations,@HouseAppropriationsCommittee,229,47,119,Republican,house,118
Armed Services,@HouseArmedServices,0,0,106,Republican,house,0
Armed Services,@HouseArmedServices,0,0,107,Republican,house,0
Armed Services,@HouseArmedServices,0,0,108,Republican,house,0
Armed Services,@HouseArmedServices,0,0,109,Republican,house,0
Armed Services,@HouseArmedServices,0,0,110,Democratic,house,0
Armed Services,@HouseArmedServices,0,0,111,Democratic,house,0
Armed Services,@HouseArmedServices,0,0,112,Republican,house,0
Armed Services,@HouseArmedServices,0,0,113,Republican,house,0
Armed Services,@HouseArmedServices,192,2,114,Republican,house,0
Armed Services,@HouseArmedServices,139,2,115,Republican,house,0
Armed Services,@HouseArmedServices,112,4,116,Democratic,house,0
Armed Services,@HouseArmedServices,120,0,117,Democratic,house,0
Armed Services,@HouseArmedServices,102,1,118,Republican,house,0
Armed Services,@HouseArmedServices,75,3,119,Republican,house,2
Budget,@HouseBudgetDems,0,0,106,Republican,house,0
Budget,@HouseBudgetDems,0,0,107,Republican,house,0
Budget,@HouseBudgetDems,0,0,108,Republican,house,0
Budget,@HouseBudgetDems,0,0,109,Republican,house,0
Budget,@HouseBudgetDems,0,0,110,Democratic,house,0
Budget,@HouseBudgetDems,71,71,111,Democratic,house,0
Budget,@HouseBudgetDems,128,128,112,Republican,house,0
Budget,@HouseBudgetDems,5,5,113,Republican,house,0
Budget,@HouseBudgetDems,0,0,114,Republican,house,0
Budget,@HouseBudgetDems,50,50,115,Republican,house,6
Budget,@HouseBudgetDems,122,91,116,Democratic,house,1
Budget,@HouseBudgetDems,76,66,117,Democratic,house,7
Budget,@HouseBudgetDems,56,36,118,Republican,house,34
Budget,@HouseBudgetDems,32,32,119,Republican,house,31
Education & Workforce,@EdWorkforceCmte,0,0,106,Republican,house,0
Education & Workforce,@EdWorkforceCmte,0,0,107,Republican,house,0
Education & Workforce,@EdWorkforceCmte,0,0,108,Republican,house,0
Education & Workforce,@EdWorkforceCmte,0,0,109,Republican,house,0
Education & Workforce,@EdWorkforceCmte,68,68,110,Democratic,house,0
Education & Workforce,@EdWorkforceCmte,120,120,111,Democratic,house,0
Education & Workforce,@EdWorkforceCmte,158,135,112,Republican,house,1
Education & Workforce,@EdWorkforceCmte,89,88,113,Republican,house,3
Education & Workforce,@EdWorkforceCmte,104,104,114,Republican,house,1
Education & Workforce,@EdWorkforceCmte,118,118,115,Republican,house,1
Education & Workforce,@EdWorkforceCmte,82,82,116,Democratic,house,0
Education & Workforce,@EdWorkforceCmte,90,90,117,Democratic,house,1
Education & Workforce,@EdWorkforceCmte,152,151,118,Republican,house,0
Education & Workforce,@EdWorkforceCmte,131,131,119,Republican,house,0
Energy & Commerce,@energyandcommerce,0,0,106,Republican,house,0
Energy & Commerce,@energyandcommerce,0,0,107,Republican,house,0
Energy & Commerce,@energyandcommerce,0,0,108,Republican,house,0
Energy & Commerce,@energyandcommerce,0,0,109,Republican,house,0
Energy & Commerce,@energyandcommerce,0,0,110,Democratic,house,0
Energy & Commerce,@energyandcommerce,78,78,111,Democratic,house,1
Energy & Commerce,@energyandcommerce,504,503,112,Republican,house,1
Energy & Commerce,@energyandcommerce,528,528,113,Republican,house,0
Energy & Commerce,@energyandcommerce,433,432,114,Republican,house,11
Energy & Commerce,@energyandcommerce,283,282,115,Republican,house,0
Energy & Commerce,@energyandcommerce,224,224,116,Democratic,house,7
Energy & Commerce,@energyandcommerce,146,146,117,Democratic,house,0
Energy & Commerce,@energyandcommerce,574,574,118,Republican,house,21
Energy & Commerce,@energyandcommerce,338,338,119,Republican,house,217
Financial Services,@GOPFinancialServices,0,0,106,Republican,house,0
Financial Services,@GOPFinancialServices,0,0,107,Republican,house,0
Financial Services,@GOPFinancialServices,0,0,108,Republican,house,0
Financial Services,@GOPFinancialServices,0,0,109,Republican,house,0
Financial Services,@GOPFinancialServices,0,0,110,Democratic,house,0
Financial Services,@GOPFinancialServices,346,346,111,Democratic,house,0
Financial Services,@GOPFinancialServices,340,282,112,Republican,house,2
Financial Services,@GOPFinancialServices,121,120,113,Republican,house,0
Financial Services,@GOPFinancialServices,380,111,114,Republican,house,0
Financial Services,@GOPFinancialServices,259,94,115,Republican,house,0
Financial Services,@GOPFinancialServices,189,189,116,Democratic,house,14
Financial Services,@GOPFinancialServices,96,96,117,Democratic,house,0
Financial Services,@GOPFinancialServices,490,490,118,Republican,house,1
Financial Services,@GOPFinancialServices,192,192,119,Republican,house,17
Foreign Affairs,@HouseForeignGOP,0,0,106,Republican,house,0
Foreign Affairs,@HouseForeignGOP,0,0,107,Republican,house,0
Foreign Affairs,@HouseForeignGOP,0,0,108,Republican,house,0
Foreign Affairs,@HouseForeignGOP,0,0,109,Republican,house,0
Foreign Affairs,@HouseForeignGOP,0,0,110,Democratic,house,0
Foreign Affairs,@HouseForeignGOP,134,134,111,Democratic,house,0
Foreign Affairs,@HouseForeignGOP,179,179,112,Republican,house,0
Foreign Affairs,@HouseForeignGOP,735,734,113,Republican,house,0
Foreign Affairs,@HouseForeignGOP,882,496,114,Republican,house,0
Foreign Affairs,@HouseForeignGOP,183,1,115,Republican,house,0
Foreign Affairs,@HouseForeignGOP,272,272,116,Democratic,house,0
Foreign Affairs,@HouseForeignGOP,255,255,117,Democratic,house,31
Foreign Affairs,@HouseForeignGOP,432,432,118,Republican,house,44
Foreign Affairs,@HouseForeignGOP,471,470,119,Republican,house,25
Homeland Security,@HouseHomeland,0,0,106,Republican,house,0
Homeland Security,@HouseHomeland,0,0,107,Republican,house,0
Homeland Security,@HouseHomeland,0,0,108,Republican,house,0
Homeland Security,@HouseHomeland,0,0,109,Republican,house,0
Homeland Security,@HouseHomeland,0,0,110,Democratic,house,0
Homeland Security,@HouseHomeland,0,0,111,Democratic,house,0
Homeland Security,@HouseHomeland,0,0,112,Republican,house,0
Homeland Security,@HouseHomeland,0,0,113,Republican,house,0
Homeland Security,@HouseHomeland,68,68,114,Republican,house,0
Homeland Security,@HouseHomeland,94,94,115,Republican,house,0
Homeland Security,@HouseHomeland,99,28,116,Democratic,house,0
Homeland Security,@HouseHomeland,87,0,117,Democratic,house,0
Homeland Security,@HouseHomeland,101,43,118,Republican,house,0
Homeland Security,@HouseHomeland,68,8,119,Republican,house,3
House Administration,@CommitteeonHouseAdministration,0,0,106,Republican,house,0
House Administration,@CommitteeonHouseAdministration,0,0,107,Republican,house,0
House Administration,@CommitteeonHouseAdministration,0,0,108,Republican,house,0
House Administration,@CommitteeonHouseAdministration,0,0,109,Republican,house,0
House Administration,@CommitteeonHouseAdministration,0,0,110,Democratic,house,0
House Administration,@CommitteeonHouseAdministration,0,0,111,Democratic,house,0
House Administration,@CommitteeonHouseAdministration,0,0,112,Republican,house,0
House Administration,@CommitteeonHouseAdministration,0,0,113,Republican,house,0
House Administration,@CommitteeonHouseAdministration,0,0,114,Republican,house,0
House Administration,@CommitteeonHouseAdministration,0,0,115,Republican,house,0
House Administration,@CommitteeonHouseAdministration,45,42,116,Democratic,house,0
House Administration,@CommitteeonHouseAdministration,69,69,117,Democratic,house,8
House Administration,@CommitteeonHouseAdministration,455,455,118,Republican,house,150
House Administration,@CommitteeonHouseAdministration,262,262,119,Republican,house,225
Judiciary,@JudiciaryDems,0,0,106,Republican,house,0
Judiciary,@JudiciaryDems,0,0,107,Republican,house,0
Judiciary,@JudiciaryDems,0,0,108,Republican,house,0
Judiciary,@JudiciaryDems,0,0,109,Republican,house,0
Judiciary,@JudiciaryDems,0,0,110,Democratic,house,0
Judiciary,@JudiciaryDems,0,0,111,Democratic,house,0
Judiciary,@JudiciaryDems,0,0,112,Republican,house,0
Judiciary,@JudiciaryDems,0,0,113,Republican,house,0
Judiciary,@JudiciaryDems,357,115,114,Republican,house,0
Judiciary,@JudiciaryDems,156,127,115,Republican,house,0
Judiciary,@JudiciaryDems,138,20,116,Democratic,house,0
Judiciary,@JudiciaryDems,131,27,117,Democratic,house,1
Judiciary,@JudiciaryDems,215,92,118,Republican,house,28
Judiciary,@JudiciaryDems,328,240,119,Republican,house,92
Natural Resources,@NRDems,0,0,106,Republican,house,0
Natural Resources,@NRDems,0,0,107,Republican,house,0
Natural Resources,@NRDems,0,0,108,Republican,house,0
Natural Resources,@NRDems,0,0,109,Republican,house,0
Natural Resources,@NRDems,0,0,110,Democratic,house,0
Natural Resources,@NRDems,0,0,111,Democratic,house,0
Natural Resources,@NRDems,85,84,112,Republican,house,0
Natural Resources,@NRDems,328,328,113,Republican,house,11
Natural Resources,@NRDems,51,51,114,Republican,house,0
Natural Resources,@NRDems,37,37,115,Republican,house,0
Natural Resources,@NRDems,310,239,116,Democratic,house,0
Natural Resources,@NRDems,138,136,117,Democratic,house,0
Natural Resources,@NRDems,30,30,118,Republican,house,3
Natural Resources,@NRDems,144,144,119,Republican,house,77
Oversight and Government Reform,@OversightandGovernmentReform,0,0,106,Republican,house,0
Oversight and Government Reform,@OversightandGovernmentReform,0,0,107,Republican,house,0
Oversight and Government Reform,@OversightandGovernmentReform,0,0,108,Republican,house,0
Oversight and Government Reform,@OversightandGovernmentReform,0,0,109,Republican,house,0
Oversight and Government Reform,@OversightandGovernmentReform,0,0,110,Democratic,house,0
Oversight and Government Reform,@OversightandGovernmentReform,987,986,111,Democratic,house,0
Oversight and Government Reform,@OversightandGovernmentReform,1268,1264,112,Republican,house,10
Oversight and Government Reform,@OversightandGovernmentReform,597,597,113,Republican,house,0
Oversight and Government Reform,@OversightandGovernmentReform,1551,1488,114,Republican,house,17
Oversight and Government Reform,@OversightandGovernmentReform,751,751,115,Republican,house,5
Oversight and Government Reform,@OversightandGovernmentReform,195,195,116,Democratic,house,0
Oversight and Government Reform,@OversightandGovernmentReform,13,13,117,Democratic,house,0
Oversight and Government Reform,@OversightandGovernmentReform,178,178,118,Republican,house,4
Oversight and Government Reform,@OversightandGovernmentReform,146,146,119,Republican,house,60
Rules,@HouseRulesCommittee,0,0,106,Republican,house,0
Rules,@HouseRulesCommittee,0,0,107,Republican,house,0
Rules,@HouseRulesCommittee,0,0,108,Republican,house,0
Rules,@HouseRulesCommittee,0,0,109,Republican,house,0
Rules,@HouseRulesCommittee,0,0,110,Democratic,house,0
Rules,@HouseRulesCommittee,5,5,111,Democratic,house,0
Rules,@HouseRulesCommittee,1,1,112,Republican,house,0
Rules,@HouseRulesCommittee,208,123,113,Republican,house,0
Rules,@HouseRulesCommittee,116,6,114,Republican,house,0
Rules,@HouseRulesCommittee,129,28,115,Republican,house,0
Rules,@HouseRulesCommittee,98,9,116,Democratic,house,0
Rules,@HouseRulesCommittee,123,16,117,Democratic,house,0
Rules,@HouseRulesCommittee,78,78,118,Republican,house,0
Rules,@HouseRulesCommittee,80,80,119,Republican,house,36
"Science,Space,and Technology",@housescience,0,0,106,Republican,house,0
"Science,Space,and Technology",@housescience,0,0,107,Republican,house,0
"Science,Space,and Technology",@housescience,0,0,108,Republican,house,0
"Science,Space,and Technology",@housescience,0,0,109,Republican,house,0
"Science,Space,and Technology",@housescience,0,0,110,Democratic,house,0
"Science,Space,and Technology",@housescience,0,0,111,Democratic,house,0
"Science,Space,and Technology",@housescience,0,0,112,Republican,house,0
"Science,Space,and Technology",@housescience,0,0,113,Republican,house,0
"Science,Space,and Technology",@housescience,616,402,114,Republican,house,0
"Science,Space,and Technology",@housescience,90,12,115,Republican,house,0
"Science,Space,and Technology",@housescience,102,4,116,Democratic,house,0
"Science,Space,and Technology",@housescience,89,6,117,Democratic,house,0
"Science,Space,and Technology",@housescience,69,68,118,Republican,house,0
"Science,Space,and Technology",@housescience,50,46,119,Republican,house,0
Small Business,@HouseSmallBiz,0,0,106,Republican,house,0
Small Business,@HouseSmallBiz,0,0,107,Republican,house,0
Small Business,@HouseSmallBiz,0,0,108,Republican,house,0
Small Business,@HouseSmallBiz,0,0,109,Republican,house,0
Small Business,@HouseSmallBiz,0,0,110,Democratic,house,0
Small Business,@HouseSmallBiz,683,683,111,Democratic,house,0
Small Business,@HouseSmallBiz,670,669,112,Republican,house,0
Small Business,@HouseSmallBiz,129,128,113,Republican,house,0
Small Business,@HouseSmallBiz,122,121,114,Republican,house,2
Small Business,@HouseSmallBiz,110,110,115,Republican,house,0
Small Business,@HouseSmallBiz,44,44,116,Democratic,house,0
Small Business,@HouseSmallBiz,1,1,117,Democratic,house,0
Small Business,@HouseSmallBiz,216,216,118,Republican,house,16
Small Business,@HouseSmallBiz,178,178,119,Republican,house,34
Veterans' Affairs,@HouseVeteransAffairs,0,0,106,Republican,house,0
Veterans' Affairs,@HouseVeteransAffairs,0,0,107,Republican,house,0
Veterans' Affairs,@HouseVeteransAffairs,0,0,108,Republican,house,0
Veterans' Affairs,@HouseVeteransAffairs,0,0,109,Republican,house,0
Veterans' Affairs,@HouseVeteransAffairs,0,0,110,Democratic,house,0
Veterans' Affairs,@HouseVeteransAffairs,0,0,111,Democratic,house,0
Veterans' Affairs,@HouseVeteransAffairs,0,0,112,Republican,house,0
Veterans' Affairs,@HouseVeteransAffairs,0,0,113,Republican,house,0
Veterans' Affairs,@HouseVeteransAffairs,0,0,114,Republican,house,0
Veterans' Affairs,@HouseVeteransAffairs,0,0,115,Republican,house,0
Veterans' Affairs,@HouseVeteransAffairs,108,30,116,Democratic,house,0
Veterans' Affairs,@HouseVeteransAffairs,90,90,117,Democratic,house,0
Veterans' Affairs,@HouseVeteransAffairs,121,120,118,Republican,house,0
Veterans' Affairs,@HouseVeteransAffairs,83,83,119,Republican,house,0
Ways and Means,@WaysandMeansCommittee,0,0,106,Republican,house,0
Ways and Means,@WaysandMeansCommittee,0,0,107,Republican,house,0
Ways and Means,@WaysandMeansCommittee,0,0,108,Republican,house,0
Ways and Means,@WaysandMeansCommittee,0,0,109,Republican,house,0
Ways and Means,@WaysandMeansCommittee,0,0,110,Democratic,house,0
Ways and Means,@WaysandMeansCommittee,0,0,111,Democratic,house,0
Ways and Means,@WaysandMeansCommittee,0,0,112,Republican,house,0
Ways and Means,@WaysandMeansCommittee,0,0,113,Republican,house,0
Ways and Means,@WaysandMeansCommittee,0,0,114,Republican,house,0
Ways and Means,@WaysandMeansCommittee,0,0,115,Republican,house,0
Ways and Means,@WaysandMeansCommittee,0,0,116,Democratic,house,0
Ways and Means,@WaysandMeansCommittee,0,0,117,Democratic,house,0
Ways and Means,@WaysandMeansCommittee,151,151,118,Republican,house,0
Ways and Means,@WaysandMeansCommittee,123,123,119,Republican,house,2
