date,bls_yoy,fred_median,fred_trimmed,fred_sticky,aggregate
1914-01-01,2.0408,,,,2.0408
1914-02-01,1.0204,,,,1.0204
1914-03-01,1.0204,,,,1.0204
1914-04-01,0.0,,,,0.0
1914-05-01,2.0619,,,,2.0619
1914-06-01,1.0204,,,,1.0204
1914-07-01,1.0101,,,,1.0101
1914-08-01,3.0303,,,,3.0303
1914-09-01,2.0,,,,2.0
1914-10-01,1.0,,,,1.0
1914-11-01,0.9901,,,,0.9901
1914-12-01,1.0,,,,1.0
1915-01-01,1.0,,,,1.0
1915-02-01,1.0101,,,,1.0101
1915-03-01,0.0,,,,0.0
1915-04-01,2.0408,,,,2.0408
1915-05-01,2.0202,,,,2.0202
1915-06-01,2.0202,,,,2.0202
1915-07-01,1.0,,,,1.0
1915-08-01,-0.9804,,,,-0.9804
1915-09-01,-0.9804,,,,-0.9804
1915-10-01,0.9901,,,,0.9901
1915-11-01,0.9804,,,,0.9804
1915-12-01,1.9802,,,,1.9802
1916-01-01,2.9703,,,,2.9703
1916-02-01,4.0,,,,4.0
1916-03-01,6.0606,,,,6.0606
1916-04-01,6.0,,,,6.0
1916-05-01,5.9406,,,,5.9406
1916-06-01,6.9307,,,,6.9307
1916-07-01,6.9307,,,,6.9307
1916-08-01,7.9208,,,,7.9208
1916-09-01,9.901,,,,9.901
1916-10-01,10.7843,,,,10.7843
1916-11-01,11.6505,,,,11.6505
1916-12-01,12.6214,,,,12.6214
1917-01-01,12.5,,,,12.5
1917-02-01,15.3846,,,,15.3846
1917-03-01,14.2857,,,,14.2857
1917-04-01,18.8679,,,,18.8679
1917-05-01,19.6262,,,,19.6262
1917-06-01,20.3704,,,,20.3704
1917-07-01,18.5185,,,,18.5185
1917-08-01,19.2661,,,,19.2661
1917-09-01,19.8198,,,,19.8198
1917-10-01,19.469,,,,19.469
1917-11-01,17.3913,,,,17.3913
1917-12-01,18.1034,,,,18.1034
1918-01-01,19.6581,,,,19.6581
1918-02-01,17.5,,,,17.5
1918-03-01,16.6667,,,,16.6667
1918-04-01,12.6984,,,,12.6984
1918-05-01,13.2812,,,,13.2812
1918-06-01,13.0769,,,,13.0769
1918-07-01,17.9688,,,,17.9688
1918-08-01,18.4615,,,,18.4615
1918-09-01,18.0451,,,,18.0451
1918-10-01,18.5185,,,,18.5185
1918-11-01,20.7407,,,,20.7407
1918-12-01,20.438,,,,20.438
1919-01-01,17.8571,,,,17.8571
1919-02-01,14.8936,,,,14.8936
1919-03-01,17.1429,,,,17.1429
1919-04-01,17.6056,,,,17.6056
1919-05-01,16.5517,,,,16.5517
1919-06-01,14.966,,,,14.966
1919-07-01,15.2318,,,,15.2318
1919-08-01,14.9351,,,,14.9351
1919-09-01,13.3758,,,,13.3758
1919-10-01,13.125,,,,13.125
1919-11-01,13.4969,,,,13.4969
1919-12-01,14.5455,,,,14.5455
1920-01-01,16.9697,,,,16.9697
1920-02-01,20.3704,,,,20.3704
1920-03-01,20.122,,,,20.122
1920-04-01,21.5569,,,,21.5569
1920-05-01,21.8935,,,,21.8935
1920-06-01,23.6686,,,,23.6686
1920-07-01,19.5402,,,,19.5402
1920-08-01,14.6893,,,,14.6893
1920-09-01,12.3596,,,,12.3596
1920-10-01,9.9448,,,,9.9448
1920-11-01,7.027,,,,7.027
1920-12-01,2.6455,,,,2.6455
1921-01-01,-1.5544,,,,-1.5544
1921-02-01,-5.641,,,,-5.641
1921-03-01,-7.1066,,,,-7.1066
1921-04-01,-10.8374,,,,-10.8374
1921-05-01,-14.0777,,,,-14.0777
1921-06-01,-15.7895,,,,-15.7895
1921-07-01,-14.9038,,,,-14.9038
1921-08-01,-12.8079,,,,-12.8079
1921-09-01,-12.5,,,,-12.5
1921-10-01,-12.0603,,,,-12.0603
1921-11-01,-12.1212,,,,-12.1212
1921-12-01,-10.8247,,,,-10.8247
1922-01-01,-11.0526,,,,-11.0526
1922-02-01,-8.1522,,,,-8.1522
1922-03-01,-8.7432,,,,-8.7432
1922-04-01,-7.7348,,,,-7.7348
1922-05-01,-5.6497,,,,-5.6497
1922-06-01,-5.1136,,,,-5.1136
1922-07-01,-5.0847,,,,-5.0847
1922-08-01,-6.2147,,,,-6.2147
1922-09-01,-5.1429,,,,-5.1429
1922-10-01,-4.5714,,,,-4.5714
1922-11-01,-3.4483,,,,-3.4483
1922-12-01,-2.3121,,,,-2.3121
1923-01-01,-0.5917,,,,-0.5917
1923-02-01,-0.5917,,,,-0.5917
1923-03-01,0.5988,,,,0.5988
1923-04-01,1.1976,,,,1.1976
1923-05-01,1.1976,,,,1.1976
1923-06-01,1.7964,,,,1.7964
1923-07-01,2.381,,,,2.381
1923-08-01,3.012,,,,3.012
1923-09-01,3.6145,,,,3.6145
1923-10-01,3.5928,,,,3.5928
1923-11-01,2.9762,,,,2.9762
1923-12-01,2.3669,,,,2.3669
1924-01-01,2.9762,,,,2.9762
1924-02-01,2.381,,,,2.381
1924-03-01,1.7857,,,,1.7857
1924-04-01,0.5917,,,,0.5917
1924-05-01,0.5917,,,,0.5917
1924-06-01,0.0,,,,0.0
1924-07-01,-0.5814,,,,-0.5814
1924-08-01,-0.5848,,,,-0.5848
1924-09-01,-0.5814,,,,-0.5814
1924-10-01,-0.578,,,,-0.578
1924-11-01,-0.578,,,,-0.578
1924-12-01,0.0,,,,0.0
1925-01-01,0.0,,,,0.0
1925-02-01,0.0,,,,0.0
1925-03-01,1.1696,,,,1.1696
1925-04-01,1.1765,,,,1.1765
1925-05-01,1.7647,,,,1.7647
1925-06-01,2.9412,,,,2.9412
1925-07-01,3.5088,,,,3.5088
1925-08-01,4.1176,,,,4.1176
1925-09-01,3.5088,,,,3.5088
1925-10-01,2.907,,,,2.907
1925-11-01,4.6512,,,,4.6512
1925-12-01,3.4682,,,,3.4682
1926-01-01,3.4682,,,,3.4682
1926-02-01,4.0698,,,,4.0698
1926-03-01,2.8902,,,,2.8902
1926-04-01,4.0698,,,,4.0698
1926-05-01,2.8902,,,,2.8902
1926-06-01,1.1429,,,,1.1429
1926-07-01,-1.1299,,,,-1.1299
1926-08-01,-1.6949,,,,-1.6949
1926-09-01,-1.1299,,,,-1.1299
1926-10-01,-0.565,,,,-0.565
1926-11-01,-1.6667,,,,-1.6667
1926-12-01,-1.1173,,,,-1.1173
1927-01-01,-2.2346,,,,-2.2346
1927-02-01,-2.7933,,,,-2.7933
1927-03-01,-2.809,,,,-2.809
1927-04-01,-3.352,,,,-3.352
1927-05-01,-2.2472,,,,-2.2472
1927-06-01,-0.565,,,,-0.565
1927-07-01,-1.1429,,,,-1.1429
1927-08-01,-1.1494,,,,-1.1494
1927-09-01,-1.1429,,,,-1.1429
1927-10-01,-1.1364,,,,-1.1364
1927-11-01,-2.2599,,,,-2.2599
1927-12-01,-2.2599,,,,-2.2599
1928-01-01,-1.1429,,,,-1.1429
1928-02-01,-1.7241,,,,-1.7241
1928-03-01,-1.1561,,,,-1.1561
1928-04-01,-1.1561,,,,-1.1561
1928-05-01,-1.1494,,,,-1.1494
1928-06-01,-2.8409,,,,-2.8409
1928-07-01,-1.1561,,,,-1.1561
1928-08-01,-0.5814,,,,-0.5814
1928-09-01,0.0,,,,0.0
1928-10-01,-1.1494,,,,-1.1494
1928-11-01,-0.578,,,,-0.578
1928-12-01,-1.1561,,,,-1.1561
1929-01-01,-1.1561,,,,-1.1561
1929-02-01,0.0,,,,0.0
1929-03-01,-0.5848,,,,-0.5848
1929-04-01,-1.1696,,,,-1.1696
1929-05-01,-1.1628,,,,-1.1628
1929-06-01,0.0,,,,0.0
1929-07-01,1.1696,,,,1.1696
1929-08-01,1.1696,,,,1.1696
1929-09-01,0.0,,,,0.0
1929-10-01,0.5814,,,,0.5814
1929-11-01,0.5814,,,,0.5814
1929-12-01,0.5848,,,,0.5848
1930-01-01,0.0,,,,0.0
1930-02-01,-0.5848,,,,-0.5848
1930-03-01,-0.5882,,,,-0.5882
1930-04-01,0.5917,,,,0.5917
1930-05-01,-0.5882,,,,-0.5882
1930-06-01,-1.7544,,,,-1.7544
1930-07-01,-4.0462,,,,-4.0462
1930-08-01,-4.6243,,,,-4.6243
1930-09-01,-4.0462,,,,-4.0462
1930-10-01,-4.6243,,,,-4.6243
1930-11-01,-5.2023,,,,-5.2023
1930-12-01,-6.3953,,,,-6.3953
1931-01-01,-7.0175,,,,-7.0175
1931-02-01,-7.6471,,,,-7.6471
1931-03-01,-7.6923,,,,-7.6923
1931-04-01,-8.8235,,,,-8.8235
1931-05-01,-9.4675,,,,-9.4675
1931-06-01,-10.119,,,,-10.119
1931-07-01,-9.0361,,,,-9.0361
1931-08-01,-8.4848,,,,-8.4848
1931-09-01,-9.6386,,,,-9.6386
1931-10-01,-9.697,,,,-9.697
1931-11-01,-10.3659,,,,-10.3659
1931-12-01,-9.3168,,,,-9.3168
1932-01-01,-10.0629,,,,-10.0629
1932-02-01,-10.1911,,,,-10.1911
1932-03-01,-10.2564,,,,-10.2564
1932-04-01,-10.3226,,,,-10.3226
1932-05-01,-10.4575,,,,-10.4575
1932-06-01,-9.9338,,,,-9.9338
1932-07-01,-9.9338,,,,-9.9338
1932-08-01,-10.596,,,,-10.596
1932-09-01,-10.6667,,,,-10.6667
1932-10-01,-10.7383,,,,-10.7383
1932-11-01,-10.2041,,,,-10.2041
1932-12-01,-10.274,,,,-10.274
1933-01-01,-9.7902,,,,-9.7902
1933-02-01,-9.9291,,,,-9.9291
1933-03-01,-10.0,,,,-10.0
1933-04-01,-9.3525,,,,-9.3525
1933-05-01,-8.0292,,,,-8.0292
1933-06-01,-6.6176,,,,-6.6176
1933-07-01,-3.6765,,,,-3.6765
1933-08-01,-2.2222,,,,-2.2222
1933-09-01,-1.4925,,,,-1.4925
1933-10-01,-0.7519,,,,-0.7519
1933-11-01,0.0,,,,0.0
1933-12-01,0.7634,,,,0.7634
1934-01-01,2.3256,,,,2.3256
1934-02-01,4.7244,,,,4.7244
1934-03-01,5.5556,,,,5.5556
1934-04-01,5.5556,,,,5.5556
1934-05-01,5.5556,,,,5.5556
1934-06-01,5.5118,,,,5.5118
1934-07-01,2.2901,,,,2.2901
1934-08-01,1.5152,,,,1.5152
1934-09-01,3.0303,,,,3.0303
1934-10-01,2.2727,,,,2.2727
1934-11-01,2.2727,,,,2.2727
1934-12-01,1.5152,,,,1.5152
1935-01-01,3.0303,,,,3.0303
1935-02-01,3.0075,,,,3.0075
1935-03-01,3.0075,,,,3.0075
1935-04-01,3.7594,,,,3.7594
1935-05-01,3.7594,,,,3.7594
1935-06-01,2.2388,,,,2.2388
1935-07-01,2.2388,,,,2.2388
1935-08-01,2.2388,,,,2.2388
1935-09-01,0.7353,,,,0.7353
1935-10-01,1.4815,,,,1.4815
1935-11-01,2.2222,,,,2.2222
1935-12-01,2.9851,,,,2.9851
1936-01-01,1.4706,,,,1.4706
1936-02-01,0.7299,,,,0.7299
1936-03-01,0.0,,,,0.0
1936-04-01,-0.7246,,,,-0.7246
1936-05-01,-0.7246,,,,-0.7246
1936-06-01,0.7299,,,,0.7299
1936-07-01,1.4599,,,,1.4599
1936-08-01,2.1898,,,,2.1898
1936-09-01,2.1898,,,,2.1898
1936-10-01,2.1898,,,,2.1898
1936-11-01,1.4493,,,,1.4493
1936-12-01,1.4493,,,,1.4493
1937-01-01,2.1739,,,,2.1739
1937-02-01,2.1739,,,,2.1739
1937-03-01,3.6496,,,,3.6496
1937-04-01,4.3796,,,,4.3796
1937-05-01,5.1095,,,,5.1095
1937-06-01,4.3478,,,,4.3478
1937-07-01,4.3165,,,,4.3165
1937-08-01,3.5714,,,,3.5714
1937-09-01,4.2857,,,,4.2857
1937-10-01,4.2857,,,,4.2857
1937-11-01,3.5714,,,,3.5714
1937-12-01,2.8571,,,,2.8571
1938-01-01,0.7092,,,,0.7092
1938-02-01,0.0,,,,0.0
1938-03-01,-0.7042,,,,-0.7042
1938-04-01,-0.6993,,,,-0.6993
1938-05-01,-2.0833,,,,-2.0833
1938-06-01,-2.0833,,,,-2.0833
1938-07-01,-2.7586,,,,-2.7586
1938-08-01,-2.7586,,,,-2.7586
1938-09-01,-3.4247,,,,-3.4247
1938-10-01,-4.1096,,,,-4.1096
1938-11-01,-3.4483,,,,-3.4483
1938-12-01,-2.7778,,,,-2.7778
1939-01-01,-1.4085,,,,-1.4085
1939-02-01,-1.4184,,,,-1.4184
1939-03-01,-1.4184,,,,-1.4184
1939-04-01,-2.8169,,,,-2.8169
1939-05-01,-2.1277,,,,-2.1277
1939-06-01,-2.1277,,,,-2.1277
1939-07-01,-2.1277,,,,-2.1277
1939-08-01,-2.1277,,,,-2.1277
1939-09-01,0.0,,,,0.0
1939-10-01,0.0,,,,0.0
1939-11-01,0.0,,,,0.0
1939-12-01,0.0,,,,0.0
1940-01-01,-0.7143,,,,-0.7143
1940-02-01,0.7194,,,,0.7194
1940-03-01,0.7194,,,,0.7194
1940-04-01,1.4493,,,,1.4493
1940-05-01,1.4493,,,,1.4493
1940-06-01,2.1739,,,,2.1739
1940-07-01,1.4493,,,,1.4493
1940-08-01,1.4493,,,,1.4493
1940-09-01,-0.7092,,,,-0.7092
1940-10-01,0.0,,,,0.0
1940-11-01,0.0,,,,0.0
1940-12-01,0.7143,,,,0.7143
1941-01-01,1.4388,,,,1.4388
1941-02-01,0.7143,,,,0.7143
1941-03-01,1.4286,,,,1.4286
1941-04-01,2.1429,,,,2.1429
1941-05-01,2.8571,,,,2.8571
1941-06-01,4.2553,,,,4.2553
1941-07-01,5.0,,,,5.0
1941-08-01,6.4286,,,,6.4286
1941-09-01,7.8571,,,,7.8571
1941-10-01,9.2857,,,,9.2857
1941-11-01,10.0,,,,10.0
1941-12-01,9.9291,,,,9.9291
1942-01-01,11.3475,,,,11.3475
1942-02-01,12.0567,,,,12.0567
1942-03-01,12.6761,,,,12.6761
1942-04-01,12.5874,,,,12.5874
1942-05-01,13.1944,,,,13.1944
1942-06-01,10.8844,,,,10.8844
1942-07-01,11.5646,,,,11.5646
1942-08-01,10.7383,,,,10.7383
1942-09-01,9.2715,,,,9.2715
1942-10-01,9.1503,,,,9.1503
1942-11-01,9.0909,,,,9.0909
1942-12-01,9.0323,,,,9.0323
1943-01-01,7.6433,,,,7.6433
1943-02-01,6.962,,,,6.962
1943-03-01,7.5,,,,7.5
1943-04-01,8.0745,,,,8.0745
1943-05-01,7.362,,,,7.362
1943-06-01,7.362,,,,7.362
1943-07-01,6.0976,,,,6.0976
1943-08-01,4.8485,,,,4.8485
1943-09-01,5.4545,,,,5.4545
1943-10-01,4.1916,,,,4.1916
1943-11-01,3.5714,,,,3.5714
1943-12-01,2.9586,,,,2.9586
1944-01-01,2.9586,,,,2.9586
1944-02-01,2.9586,,,,2.9586
1944-03-01,1.1628,,,,1.1628
1944-04-01,0.5747,,,,0.5747
1944-05-01,0.0,,,,0.0
1944-06-01,0.5714,,,,0.5714
1944-07-01,1.7241,,,,1.7241
1944-08-01,2.3121,,,,2.3121
1944-09-01,1.7241,,,,1.7241
1944-10-01,1.7241,,,,1.7241
1944-11-01,1.7241,,,,1.7241
1944-12-01,2.2989,,,,2.2989
1945-01-01,2.2989,,,,2.2989
1945-02-01,2.2989,,,,2.2989
1945-03-01,2.2989,,,,2.2989
1945-04-01,1.7143,,,,1.7143
1945-05-01,2.2857,,,,2.2857
1945-06-01,2.8409,,,,2.8409
1945-07-01,2.2599,,,,2.2599
1945-08-01,2.2599,,,,2.2599
1945-09-01,2.2599,,,,2.2599
1945-10-01,2.2599,,,,2.2599
1945-11-01,2.2599,,,,2.2599
1945-12-01,2.2472,,,,2.2472
1946-01-01,2.2472,,,,2.2472
1946-02-01,1.6854,,,,1.6854
1946-03-01,2.809,,,,2.809
1946-04-01,3.3708,,,,3.3708
1946-05-01,3.352,,,,3.352
1946-06-01,3.3149,,,,3.3149
1946-07-01,9.3923,,,,9.3923
1946-08-01,11.6022,,,,11.6022
1946-09-01,12.7072,,,,12.7072
1946-10-01,14.9171,,,,14.9171
1946-11-01,17.6796,,,,17.6796
1946-12-01,18.1319,,,,18.1319
1947-01-01,18.1319,,,,18.1319
1947-02-01,18.7845,,,,18.7845
1947-03-01,19.6721,,,,19.6721
1947-04-01,19.0217,,,,19.0217
1947-05-01,18.3784,,,,18.3784
1947-06-01,17.6471,,,,17.6471
1947-07-01,12.1212,,,,12.1212
1947-08-01,11.3861,,,,11.3861
1947-09-01,12.7451,,,,12.7451
1947-10-01,10.5769,,,,10.5769
1947-11-01,8.4507,,,,8.4507
1947-12-01,8.8372,,,,8.8372
1948-01-01,10.2326,,,,10.2326
1948-02-01,9.3023,,,,9.3023
1948-03-01,6.8493,,,,6.8493
1948-04-01,8.6758,,,,8.6758
1948-05-01,9.1324,,,,9.1324
1948-06-01,9.5455,,,,9.5455
1948-07-01,9.9099,,,,9.9099
1948-08-01,8.8889,,,,8.8889
1948-09-01,6.5217,,,,6.5217
1948-10-01,6.087,,,,6.087
1948-11-01,4.7619,,,,4.7619
1948-12-01,2.9915,,,,2.9915
1949-01-01,1.2658,,,,1.2658
1949-02-01,1.2766,,,,1.2766
1949-03-01,1.7094,,,,1.7094
1949-04-01,0.4202,,,,0.4202
1949-05-01,-0.4184,,,,-0.4184
1949-06-01,-0.8299,,,,-0.8299
1949-07-01,-2.8689,,,,-2.8689
1949-08-01,-2.8571,,,,-2.8571
1949-09-01,-2.449,,,,-2.449
1949-10-01,-2.8689,,,,-2.8689
1949-11-01,-1.6529,,,,-1.6529
1949-12-01,-2.0747,,,,-2.0747
1950-01-01,-2.0833,,,,-2.0833
1950-02-01,-1.2605,,,,-1.2605
1950-03-01,-0.8403,,,,-0.8403
1950-04-01,-1.2552,,,,-1.2552
1950-05-01,-0.4202,,,,-0.4202
1950-06-01,-0.4184,,,,-0.4184
1950-07-01,1.6878,,,,1.6878
1950-08-01,2.1008,,,,2.1008
1950-09-01,2.0921,,,,2.0921
1950-10-01,3.7975,,,,3.7975
1950-11-01,3.7815,,,,3.7815
1950-12-01,5.9322,,,,5.9322
1951-01-01,8.0851,,,,8.0851
1951-02-01,9.3617,,,,9.3617
1951-03-01,9.322,,,,9.322
1951-04-01,9.322,,,,9.322
1951-05-01,9.2827,,,,9.2827
1951-06-01,8.8235,,,,8.8235
1951-07-01,7.4689,,,,7.4689
1951-08-01,6.5844,,,,6.5844
1951-09-01,6.9672,,,,6.9672
1951-10-01,6.5041,,,,6.5041
1951-11-01,6.8826,,,,6.8826
1951-12-01,6.0,,,,6.0
1952-01-01,4.3307,,,,4.3307
1952-02-01,2.3346,,,,2.3346
1952-03-01,1.938,,,,1.938
1952-04-01,2.3256,,,,2.3256
1952-05-01,1.9305,,,,1.9305
1952-06-01,2.3166,,,,2.3166
1952-07-01,3.0888,,,,3.0888
1952-08-01,3.0888,,,,3.0888
1952-09-01,2.2989,,,,2.2989
1952-10-01,1.9084,,,,1.9084
1952-11-01,1.1364,,,,1.1364
1952-12-01,0.7547,,,,0.7547
1953-01-01,0.3774,,,,0.3774
1953-02-01,0.7605,,,,0.7605
1953-03-01,1.1407,,,,1.1407
1953-04-01,0.7576,,,,0.7576
1953-05-01,1.1364,,,,1.1364
1953-06-01,1.1321,,,,1.1321
1953-07-01,0.3745,,,,0.3745
1953-08-01,0.7491,,,,0.7491
1953-09-01,0.7491,,,,0.7491
1953-10-01,1.1236,,,,1.1236
1953-11-01,0.7491,,,,0.7491
1953-12-01,0.7491,,,,0.7491
1954-01-01,1.1278,,,,1.1278
1954-02-01,1.5094,,,,1.5094
1954-03-01,1.1278,,,,1.1278
1954-04-01,0.7519,,,,0.7519
1954-05-01,0.7491,,,,0.7491
1954-06-01,0.3731,,,,0.3731
1954-07-01,0.3731,,,,0.3731
1954-08-01,0.0,,,,0.0
1954-09-01,-0.3717,,,,-0.3717
1954-10-01,-0.7407,,,,-0.7407
1954-11-01,-0.3717,,,,-0.3717
1954-12-01,-0.7435,,,,-0.7435
1955-01-01,-0.7435,,,,-0.7435
1955-02-01,-0.7435,,,,-0.7435
1955-03-01,-0.7435,,,,-0.7435
1955-04-01,-0.3731,,,,-0.3731
1955-05-01,-0.7435,,,,-0.7435
1955-06-01,-0.7435,,,,-0.7435
1955-07-01,-0.3717,,,,-0.3717
1955-08-01,-0.3717,,,,-0.3717
1955-09-01,0.3731,,,,0.3731
1955-10-01,0.3731,,,,0.3731
1955-11-01,0.3731,,,,0.3731
1955-12-01,0.3745,,,,0.3745
1956-01-01,0.3745,,,,0.3745
1956-02-01,0.3745,,,,0.3745
1956-03-01,0.3745,,,,0.3745
1956-04-01,0.7491,,,,0.7491
1956-05-01,1.1236,,,,1.1236
1956-06-01,1.8727,,,,1.8727
1956-07-01,2.2388,,,,2.2388
1956-08-01,1.8657,,,,1.8657
1956-09-01,1.8587,,,,1.8587
1956-10-01,2.2305,,,,2.2305
1956-11-01,2.2305,,,,2.2305
1956-12-01,2.9851,,,,2.9851
1957-01-01,2.9851,,,,2.9851
1957-02-01,3.3582,,,,3.3582
1957-03-01,3.7313,,,,3.7313
1957-04-01,3.7175,,,,3.7175
1957-05-01,3.7037,,,,3.7037
1957-06-01,3.3088,,,,3.3088
1957-07-01,3.2847,,,,3.2847
1957-08-01,3.663,,,,3.663
1957-09-01,3.2847,,,,3.2847
1957-10-01,2.9091,,,,2.9091
1957-11-01,3.2727,,,,3.2727
1957-12-01,2.8986,,,,2.8986
1958-01-01,3.6232,,,,3.6232
1958-02-01,3.2491,,,,3.2491
1958-03-01,3.5971,,,,3.5971
1958-04-01,3.5842,,,,3.5842
1958-05-01,3.2143,,,,3.2143
1958-06-01,2.847,,,,2.847
1958-07-01,2.4735,,,,2.4735
1958-08-01,2.1201,,,,2.1201
1958-09-01,2.1201,,,,2.1201
1958-10-01,2.1201,,,,2.1201
1958-11-01,2.1127,,,,2.1127
1958-12-01,1.7606,,,,1.7606
1959-01-01,1.3986,,,,1.3986
1959-02-01,1.049,,,,1.049
1959-03-01,0.3472,,,,0.3472
1959-04-01,0.346,,,,0.346
1959-05-01,0.346,,,,0.346
1959-06-01,0.692,,,,0.692
1959-07-01,0.6897,,,,0.6897
1959-08-01,1.0381,,,,1.0381
1959-09-01,1.3841,,,,1.3841
1959-10-01,1.7301,,,,1.7301
1959-11-01,1.3793,,,,1.3793
1959-12-01,1.7301,,,,1.7301
1960-01-01,1.0345,,,,1.0345
1960-02-01,1.7301,,,,1.7301
1960-03-01,1.7301,,,,1.7301
1960-04-01,1.7241,,,,1.7241
1960-05-01,1.7241,,,,1.7241
1960-06-01,1.7182,,,,1.7182
1960-07-01,1.3699,,,,1.3699
1960-08-01,1.3699,,,,1.3699
1960-09-01,1.0239,,,,1.0239
1960-10-01,1.3605,,,,1.3605
1960-11-01,1.3605,,,,1.3605
1960-12-01,1.3605,,,,1.3605
1961-01-01,1.7065,,,,1.7065
1961-02-01,1.3605,,,,1.3605
1961-03-01,1.3605,,,,1.3605
1961-04-01,1.0169,,,,1.0169
1961-05-01,1.0169,,,,1.0169
1961-06-01,0.6757,,,,0.6757
1961-07-01,1.3514,,,,1.3514
1961-08-01,1.0135,,,,1.0135
1961-09-01,1.3514,,,,1.3514
1961-10-01,0.6711,,,,0.6711
1961-11-01,0.6711,,,,0.6711
1961-12-01,0.6711,,,,0.6711
1962-01-01,0.6711,,,,0.6711
1962-02-01,1.0067,,,,1.0067
1962-03-01,1.0067,,,,1.0067
1962-04-01,1.3423,,,,1.3423
1962-05-01,1.3423,,,,1.3423
1962-06-01,1.3423,,,,1.3423
1962-07-01,1.0,,,,1.0
1962-08-01,1.3378,,,,1.3378
1962-09-01,1.3333,,,,1.3333
1962-10-01,1.3333,,,,1.3333
1962-11-01,1.3333,,,,1.3333
1962-12-01,1.3333,,,,1.3333
1963-01-01,1.3333,,,,1.3333
1963-02-01,0.9967,,,,0.9967
1963-03-01,1.3289,,,,1.3289
1963-04-01,0.9934,,,,0.9934
1963-05-01,0.9934,,,,0.9934
1963-06-01,1.3245,,,,1.3245
1963-07-01,1.3201,,,,1.3201
1963-08-01,1.3201,,,,1.3201
1963-09-01,0.9868,,,,0.9868
1963-10-01,1.3158,,,,1.3158
1963-11-01,1.3158,,,,1.3158
1963-12-01,1.6447,,,,1.6447
1964-01-01,1.6447,,,,1.6447
1964-02-01,1.6447,,,,1.6447
1964-03-01,1.3115,,,,1.3115
1964-04-01,1.3115,,,,1.3115
1964-05-01,1.3115,,,,1.3115
1964-06-01,1.3072,,,,1.3072
1964-07-01,1.3029,,,,1.3029
1964-08-01,0.9772,,,,0.9772
1964-09-01,1.3029,,,,1.3029
1964-10-01,0.974,,,,0.974
1964-11-01,1.2987,,,,1.2987
1964-12-01,0.9709,,,,0.9709
1965-01-01,0.9709,,,,0.9709
1965-02-01,0.9709,,,,0.9709
1965-03-01,1.2945,,,,1.2945
1965-04-01,1.6181,,,,1.6181
1965-05-01,1.6181,,,,1.6181
1965-06-01,1.9355,,,,1.9355
1965-07-01,1.6077,,,,1.6077
1965-08-01,1.9355,,,,1.9355
1965-09-01,1.6077,,,,1.6077
1965-10-01,1.9293,,,,1.9293
1965-11-01,1.6026,,,,1.6026
1965-12-01,1.9231,,,,1.9231
1966-01-01,1.9231,,,,1.9231
1966-02-01,2.5641,,,,2.5641
1966-03-01,2.5559,,,,2.5559
1966-04-01,2.8662,,,,2.8662
1966-05-01,2.8662,,,,2.8662
1966-06-01,2.5316,,,,2.5316
1966-07-01,2.8481,,,,2.8481
1966-08-01,3.481,,,,3.481
1966-09-01,3.481,,,,3.481
1966-10-01,3.7855,,,,3.7855
1966-11-01,3.7855,,,,3.7855
1966-12-01,3.4591,,,,3.4591
1967-01-01,3.4591,,,,3.4591
1967-02-01,2.8125,,,,2.8125
1967-03-01,2.8037,,,,2.8037
1967-04-01,2.4768,,,,2.4768
1967-05-01,2.7864,,,,2.7864
1967-06-01,2.7778,,,,2.7778
1967-07-01,2.7692,,,,2.7692
1967-08-01,2.4465,,,,2.4465
1967-09-01,2.7523,,,,2.7523
1967-10-01,2.4316,,,,2.4316
1967-11-01,2.7356,,,,2.7356
1967-12-01,3.0395,,,,3.0395
1968-01-01,3.6474,,,3.6519,3.6496
1968-02-01,3.9514,,,3.6738,3.8126
1968-03-01,3.9394,,,4.1422,4.0408
1968-04-01,3.9275,,,4.1558,4.0417
1968-05-01,3.9157,,,4.0882,4.002
1968-06-01,4.2042,,,4.5456,4.3749
1968-07-01,4.491,,,4.7531,4.622
1968-08-01,4.4776,,,4.9466,4.7121
1968-09-01,4.4643,,,4.9482,4.7062
1968-10-01,4.7478,,,5.1826,4.9652
1968-11-01,4.7337,,,5.3994,5.0665
1968-12-01,4.7198,,,5.7063,5.213
1969-01-01,4.3988,,,5.7462,5.0725
1969-02-01,4.6784,,,5.75,5.2142
1969-03-01,5.2478,,,6.1252,5.6865
1969-04-01,5.5233,,,6.5056,6.0144
1969-05-01,5.5072,,,6.7806,6.1439
1969-06-01,5.4755,,,6.376,5.9258
1969-07-01,5.4441,,,6.3893,5.9167
1969-08-01,5.7143,,,6.4147,6.0645
1969-09-01,5.698,,,6.8348,6.2664
1969-10-01,5.6657,,,6.5601,6.1129
1969-11-01,5.9322,,,6.4374,6.1848
1969-12-01,6.1972,,,6.4022,6.2997
1970-01-01,6.1798,,,6.5924,6.3861
1970-02-01,6.1453,,,7.0538,6.5996
1970-03-01,5.8172,,,6.9931,6.4052
1970-04-01,6.0606,,,6.8178,6.4392
1970-05-01,6.044,,,6.9477,6.4958
1970-06-01,6.0109,,,7.152,6.5814
1970-07-01,5.9783,,,7.0079,6.4931
1970-08-01,5.4054,,,7.1149,6.2601
1970-09-01,5.6604,,,7.0813,6.3708
1970-10-01,5.63,,,7.0576,6.3438
1970-11-01,5.6,,,7.3276,6.4638
1970-12-01,5.5703,,,7.3427,6.4565
1971-01-01,5.291,,,7.0149,6.153
1971-02-01,5.0,,,6.3296,5.6648
1971-03-01,4.712,,,5.5016,5.1068
1971-04-01,4.1558,,,5.3063,4.731
1971-05-01,4.4041,,,5.0603,4.7322
1971-06-01,4.6392,,,5.2392,4.9392
1971-07-01,4.359,,,5.165,4.762
1971-08-01,4.6154,,,4.9136,4.7645
1971-09-01,4.0816,,,4.6724,4.377
1971-10-01,3.8071,,,4.3766,4.0918
1971-11-01,3.2828,,,3.9532,3.618
1971-12-01,3.2663,,,3.6773,3.4718
1972-01-01,3.2663,,,3.7283,3.4973
1972-02-01,3.5088,,,3.8415,3.6752
1972-03-01,3.5,,,4.0579,3.779
1972-04-01,3.4913,,,3.9714,3.7314
1972-05-01,3.2258,,,3.8639,3.5448
1972-06-01,2.7094,,,3.4886,3.099
1972-07-01,2.9484,,,3.4673,3.2078
1972-08-01,2.9412,,,3.3661,3.1536
1972-09-01,3.1863,,,3.1247,3.1555
1972-10-01,3.423,,,3.3311,3.377
1972-11-01,3.6675,,,3.2685,3.468
1972-12-01,3.4063,,,3.1478,3.277
1973-01-01,3.6496,,,2.8428,3.2462
1973-02-01,3.8741,,,2.8811,3.3776
1973-03-01,4.5894,,,2.9294,3.7594
1973-04-01,5.0602,,,3.0317,4.0459
1973-05-01,5.5288,,,3.1754,4.3521
1973-06-01,5.9952,,,3.0987,4.547
1973-07-01,5.7279,,,3.0133,4.3706
1973-08-01,7.381,,,3.3227,5.3519
1973-09-01,7.3634,,,3.9446,5.654
1973-10-01,7.8014,,,4.7652,6.2833
1973-11-01,8.2547,,,4.9278,6.5912
1973-12-01,8.7059,,,5.3081,7.007
1974-01-01,9.3897,,,5.8458,7.6177
1974-02-01,10.0233,,,6.2915,8.1574
1974-03-01,10.3926,,,6.8162,8.6044
1974-04-01,10.0917,,,7.1047,8.5982
1974-05-01,10.7062,,,7.7283,9.2172
1974-06-01,10.8597,,,8.6164,9.7381
1974-07-01,11.5124,,,9.527,10.5197
1974-08-01,10.8647,,,10.1032,10.484
1974-09-01,11.9469,,,10.5931,11.27
1974-10-01,12.0614,,,10.5615,11.3114
1974-11-01,12.2004,,,10.9857,11.593
1974-12-01,12.3377,,,11.496,11.9168
1975-01-01,11.8026,,,11.6244,11.7135
1975-02-01,11.2288,,,11.7841,11.5065
1975-03-01,10.251,,,11.5738,10.9124
1975-04-01,10.2083,,,11.6984,10.9534
1975-05-01,9.465,,,10.9269,10.196
1975-06-01,9.3878,,,10.433,9.9104
1975-07-01,9.7166,,,9.7674,9.742
1975-08-01,8.6,,,8.9206,8.7603
1975-09-01,7.9051,,,8.5204,8.2128
1975-10-01,7.4364,,,8.1096,7.773
1975-11-01,7.3786,,,8.093,7.7358
1975-12-01,6.9364,,,7.6852,7.3108
1976-01-01,6.7179,,,7.691,7.2044
1976-02-01,6.2857,,,7.3737,6.8297
1976-03-01,6.0721,,,7.3348,6.7034
1976-04-01,6.0491,,,6.8475,6.4483
1976-05-01,6.203,,,6.9659,6.5844
1976-06-01,5.9701,,,6.871,6.4206
1976-07-01,5.3506,,,7.0886,6.2196
1976-08-01,5.709,,,7.3525,6.5307
1976-09-01,5.4945,,,7.0922,6.2934
1976-10-01,5.4645,,,6.8784,6.1714
1976-11-01,4.8825,,,6.6122,5.7474
1976-12-01,4.8649,,,6.1967,5.5308
1977-01-01,5.2158,,,6.0489,5.6324
1977-02-01,5.914,,,6.0523,5.9832
1977-03-01,6.4401,,,6.1029,6.2715
1977-04-01,6.9519,,,6.5807,6.7663
1977-05-01,6.7257,,,6.741,6.7334
1977-06-01,6.8662,,,6.9202,6.8932
1977-07-01,6.8301,,,6.8812,6.8556
1977-08-01,6.6202,,,6.8327,6.7264
1977-09-01,6.5972,,,6.8735,6.7354
1977-10-01,6.3903,,,6.9501,6.6702
1977-11-01,6.7241,,,6.9995,6.8618
1977-12-01,6.701,,,7.364,7.0325
1978-01-01,6.8376,,,7.372,7.1048
1978-02-01,6.4298,,,7.341,6.8854
1978-03-01,6.5546,,,7.4336,6.9941
1978-04-01,6.5,,,7.4138,6.9569
1978-05-01,6.9652,,,7.6435,7.3044
1978-06-01,7.4135,,,7.6792,7.5464
1978-07-01,7.7049,,,7.9128,7.8088
1978-08-01,7.8431,,,8.1766,8.0098
1978-09-01,8.3062,,,8.5761,8.4412
1978-10-01,8.9286,,,9.0365,8.9826
1978-11-01,8.8853,,,9.2115,9.0484
1978-12-01,9.0177,,,9.058,9.0378
1979-01-01,9.28,,,9.0705,9.1752
1979-02-01,9.8569,,,9.5714,9.7142
1979-03-01,10.0946,,,9.6751,9.8848
1979-04-01,10.4851,,,9.919,10.202
1979-05-01,10.8527,,,10.0824,10.4675
1979-06-01,10.8896,,,10.2692,10.5794
1979-07-01,11.2633,,,10.5043,10.8838
1979-08-01,11.8182,,,10.9358,11.377
1979-09-01,12.1805,,,10.9837,11.5821
1979-10-01,12.0715,,,11.2573,11.6644
1979-11-01,12.6113,,,11.9266,12.269
1979-12-01,13.2939,,,12.7342,13.0141
1980-01-01,13.9092,,,13.4697,13.6894
1980-02-01,14.1823,,,13.5995,13.8909
1980-03-01,14.7564,,,14.3317,14.544
1980-04-01,14.7309,,,14.7552,14.743
1980-05-01,14.4056,,,15.1153,14.7604
1980-06-01,14.3845,,,15.7742,15.0794
1980-07-01,13.1327,,,14.1334,13.633
1980-08-01,12.8726,,,13.2684,13.0705
1980-09-01,12.6005,,,13.0878,12.8441
1980-10-01,12.766,,,13.0842,12.9251
1980-11-01,12.6482,,,12.8706,12.7594
1980-12-01,12.5163,,,12.6853,12.6008
1981-01-01,11.8252,,,12.0181,11.9216
1981-02-01,11.4068,,,11.2293,11.318
1981-03-01,10.4869,,,10.3193,10.4031
1981-04-01,10.0,,,9.7106,9.8553
1981-05-01,9.78,,,9.6032,9.6916
1981-06-01,9.5526,,,9.2122,9.3824
1981-07-01,10.7618,,,11.2382,11.0
1981-08-01,10.8043,,,11.8187,11.3115
1981-09-01,10.9524,,,12.229,11.5907
1981-10-01,10.1415,,,11.2663,10.7039
1981-11-01,9.5906,,,10.524,10.0573
1981-12-01,8.9224,,,9.8558,9.3891
1982-01-01,8.3908,,,9.4698,8.9303
1982-02-01,7.6223,,,9.5398,8.581
1982-03-01,6.7797,,,8.8904,7.835
1982-04-01,6.5095,,,9.0811,7.7953
1982-05-01,6.6815,,,9.0529,7.8672
1982-06-01,7.064,,,8.8782,7.9711
1982-07-01,6.441,,,7.8894,7.1652
1982-08-01,5.8505,,,7.3291,6.5898
1982-09-01,5.0429,,,5.9796,5.5113
1982-10-01,5.1392,,,5.9789,5.559
1982-11-01,4.5891,,,5.3045,4.9468
1982-12-01,3.8298,,,4.2486,4.0392
1983-01-01,3.7116,,,4.4246,4.0681
1983-02-01,3.4884,,,4.3562,3.9223
1983-03-01,3.5979,,,4.5863,4.0921
1983-04-01,3.8988,,,4.1877,4.0433
1983-05-01,3.5491,,,3.2853,3.4172
1983-06-01,2.5773,,,2.5825,2.5799
1983-07-01,2.4615,,,2.3703,2.4159
1983-08-01,2.5589,,,2.2932,2.426
1983-09-01,2.8601,,,2.6889,2.7745
1983-10-01,2.8513,,,2.8375,2.8444
1983-11-01,3.2653,,,3.4966,3.381
1983-12-01,3.791,4.2693,3.8756,4.4556,4.0979
1984-01-01,4.1922,4.2559,4.0265,4.471,4.2364
1984-02-01,4.5965,4.2293,4.074,4.5092,4.3522
1984-03-01,4.8008,4.2554,4.1468,4.6388,4.4604
1984-04-01,4.5639,4.2259,4.1544,4.6322,4.3941
1984-05-01,4.2339,4.1949,4.0377,4.694,4.2901
1984-06-01,4.2211,4.3712,4.0371,4.773,4.3506
1984-07-01,4.2042,4.4557,4.0996,4.8816,4.4103
1984-08-01,4.2914,4.4386,4.1837,5.0179,4.4829
1984-09-01,4.2701,4.4086,4.2295,5.1224,4.5076
1984-10-01,4.2574,4.3073,4.2049,5.0862,4.464
1984-11-01,4.0514,4.1169,4.07,4.9514,4.2974
1984-12-01,3.9487,4.108,4.0527,5.0349,4.2861
1985-01-01,3.5329,3.9598,3.8057,4.7144,4.0032
1985-02-01,3.5156,4.0398,3.877,4.8601,4.0731
1985-03-01,3.7037,4.1056,3.961,4.9504,4.1802
1985-04-01,3.6857,4.1073,3.8087,4.7429,4.0862
1985-05-01,3.7718,4.0997,3.7841,5.0242,4.17
1985-06-01,3.7608,4.1325,3.8894,5.0426,4.2063
1985-07-01,3.5543,3.9418,3.7477,4.9345,4.0446
1985-08-01,3.3493,3.8394,3.4978,4.9314,3.9045
1985-09-01,3.1429,3.7539,3.4192,4.7723,3.7721
1985-10-01,3.2289,3.7511,3.4063,4.8774,3.8159
1985-11-01,3.5138,3.9828,3.6312,5.1344,4.0656
1985-12-01,3.7987,3.9461,3.7448,5.0154,4.1262
1986-01-01,3.8863,4.0588,3.816,5.281,4.2605
1986-02-01,3.1132,3.8568,3.4882,5.1093,3.8919
1986-03-01,2.2556,3.8297,3.2895,5.2125,3.6468
1986-04-01,1.5903,3.8029,3.2621,5.3527,3.502
1986-05-01,1.4911,3.7133,3.2558,5.0247,3.3712
1986-06-01,1.7658,3.5854,3.2433,5.0269,3.4054
1986-07-01,1.577,3.7183,3.2723,4.9604,3.382
1986-08-01,1.5741,3.7035,3.377,4.8235,3.3695
1986-09-01,1.7544,3.7495,3.4235,4.9475,3.4687
1986-10-01,1.4719,3.8084,3.3997,4.8817,3.3904
1986-11-01,1.2844,3.7437,3.211,4.5752,3.2036
1986-12-01,1.0979,3.8142,3.1455,4.6549,3.1781
1987-01-01,1.4599,3.8914,3.2746,4.4921,3.2795
1987-02-01,2.1043,3.9054,3.4341,4.4517,3.4739
1987-03-01,3.0331,3.8565,3.489,4.276,3.6636
1987-04-01,3.7753,3.9032,3.7003,4.3712,3.9375
1987-05-01,3.8567,4.093,3.8336,4.4295,4.0532
1987-06-01,3.653,4.0488,3.7803,4.188,3.9175
1987-07-01,3.9269,4.0628,3.8267,4.1788,3.9988
1987-08-01,4.2844,4.0653,3.9605,4.2931,4.1508
1987-09-01,4.3557,4.167,4.0308,4.3059,4.2148
1987-10-01,4.5331,4.1348,4.0739,4.357,4.2747
1987-11-01,4.529,4.028,4.0975,4.3296,4.246
1987-12-01,4.4344,3.9368,3.9339,4.2917,4.1492
1988-01-01,4.0468,3.7677,3.7709,4.3732,3.9896
1988-02-01,3.9427,3.7317,3.7602,4.3756,3.9526
1988-03-01,3.9251,3.7832,3.7969,4.4409,3.9865
1988-04-01,3.9042,3.7836,3.79,4.376,3.9634
1988-05-01,3.8904,3.6927,3.7438,4.4327,3.9399
1988-06-01,3.9648,3.8431,3.839,4.6731,4.08
1988-07-01,4.1301,3.8748,3.9446,4.7009,4.1626
1988-08-01,4.021,4.0377,3.9432,4.6743,4.169
1988-09-01,4.1739,4.0197,4.054,4.7212,4.2422
1988-10-01,4.2498,4.0603,4.1181,4.6079,4.259
1988-11-01,4.2461,4.0294,4.1058,4.7429,4.2811
1988-12-01,4.4194,4.1225,4.2653,4.79,4.3993
1989-01-01,4.6672,4.2362,4.375,4.7482,4.5067
1989-02-01,4.8276,4.4285,4.4991,4.7835,4.6347
1989-03-01,4.9785,4.4796,4.6171,4.7504,4.7064
1989-04-01,5.1238,4.4914,4.5693,4.6185,4.7008
1989-05-01,5.3617,4.6562,4.7494,4.7427,4.8775
1989-06-01,5.1695,4.5878,4.66,4.7451,4.7906
1989-07-01,4.9789,4.6909,4.6432,4.8938,4.8017
1989-08-01,4.7059,4.4884,4.4724,4.8541,4.6302
1989-09-01,4.3406,4.3601,4.2386,4.6699,4.4023
1989-10-01,4.4925,4.4346,4.3498,4.8029,4.52
1989-11-01,4.655,4.536,4.4992,4.7976,4.622
1989-12-01,4.6473,4.5209,4.5799,4.829,4.6443
1990-01-01,5.2023,4.5653,4.6475,4.9059,4.8302
1990-02-01,5.2632,4.5464,4.6244,4.9176,4.8379
1990-03-01,5.233,4.5643,4.6269,5.1915,4.9039
1990-04-01,4.7116,4.6004,4.5614,5.277,4.7876
1990-05-01,4.3619,4.4821,4.3606,5.1667,4.5928
1990-06-01,4.6737,4.6295,4.6019,5.3707,4.819
1990-07-01,4.8232,4.5873,4.6962,5.5166,4.9058
1990-08-01,5.618,4.8225,4.99,5.8363,5.3167
1990-09-01,6.16,4.7669,5.0938,5.9304,5.4878
1990-10-01,6.2898,4.7156,4.9526,5.7985,5.4391
1990-11-01,6.2748,4.6696,4.887,5.6831,5.3786
1990-12-01,6.1063,4.777,4.8562,5.6511,5.3476
1991-01-01,5.6515,4.8058,4.9619,5.8153,5.3086
1991-02-01,5.3125,4.7535,4.9051,5.8624,5.2084
1991-03-01,4.8951,4.6203,4.6882,5.4743,4.9195
1991-04-01,4.8875,4.4581,4.6444,5.2762,4.8166
1991-05-01,4.9536,4.5001,4.7413,5.2224,4.8544
1991-06-01,4.6959,4.2726,4.4289,4.9347,4.583
1991-07-01,4.4479,4.2013,4.2906,4.7134,4.4133
1991-08-01,3.7994,3.9873,4.0627,4.3931,4.0606
1991-09-01,3.3911,4.0919,4.0557,4.4436,3.9956
1991-10-01,2.9213,3.9061,3.8782,4.289,3.7486
1991-11-01,2.9895,3.9626,3.8845,4.3497,3.7966
1991-12-01,3.0643,3.7617,3.8486,4.347,3.7554
1992-01-01,2.6003,3.4427,3.4841,4.0523,3.3948
1992-02-01,2.819,3.2956,3.3486,3.8618,3.3312
1992-03-01,3.1852,3.3066,3.4266,3.9758,3.4736
1992-04-01,3.1805,3.2276,3.3728,4.0664,3.4618
1992-05-01,3.0236,3.0894,3.26,3.9264,3.3248
1992-06-01,3.0882,3.2044,3.3491,3.8602,3.3755
1992-07-01,3.1571,2.9825,3.2378,3.7694,3.2867
1992-08-01,3.1479,2.9012,3.1349,3.6281,3.203
1992-09-01,2.9883,2.7181,2.9861,3.3492,3.0104
1992-10-01,3.2023,2.8384,3.131,3.6359,3.2019
1992-11-01,3.0479,2.7546,3.0274,3.6295,3.1148
1992-12-01,2.9007,2.6903,2.8993,3.4783,2.9922
1993-01-01,3.2585,2.8331,2.949,3.5285,3.1423
1993-02-01,3.2468,2.8086,3.013,3.5619,3.1576
1993-03-01,3.0869,2.6348,2.8882,3.3344,2.9861
1993-04-01,3.2258,2.7731,3.0008,3.4042,3.101
1993-05-01,3.2212,2.7875,3.0057,3.5327,3.1368
1993-06-01,2.9957,2.6434,2.884,3.5693,3.0231
1993-07-01,2.7758,2.6359,2.7837,3.4226,2.9045
1993-08-01,2.7679,2.6703,2.8438,3.5088,2.9477
1993-09-01,2.6893,2.7097,2.8586,3.6424,2.975
1993-10-01,2.7504,2.7027,2.8139,3.4247,2.9229
1993-11-01,2.6761,2.7325,2.8337,3.4363,2.9196
1993-12-01,2.7484,2.8112,2.8903,3.5485,2.9996
1994-01-01,2.5245,2.7504,2.7583,3.3758,2.8522
1994-02-01,2.5157,2.8593,2.7756,3.4159,2.8916
1994-03-01,2.507,2.8992,2.8246,3.5702,2.9502
1994-04-01,2.3611,2.768,2.6385,3.3544,2.7805
1994-05-01,2.2885,2.7618,2.6397,3.2255,2.7289
1994-06-01,2.4931,2.7907,2.7084,3.1947,2.7967
1994-07-01,2.7701,2.8227,2.7944,3.2339,2.9053
1994-08-01,2.9006,2.9051,2.8313,3.3067,2.9859
1994-09-01,2.9635,3.0227,2.8443,3.2543,3.0212
1994-10-01,2.6081,2.8994,2.7002,3.1643,2.843
1994-11-01,2.6749,2.9618,2.7104,3.1283,2.8688
1994-12-01,2.6749,2.8272,2.5266,2.9014,2.7325
1995-01-01,2.8044,2.9494,2.6973,3.1442,2.8988
1995-02-01,2.863,2.9271,2.6987,3.1241,2.9032
1995-03-01,2.8533,3.0182,2.7121,3.1675,2.9378
1995-04-01,3.0529,3.1135,2.8167,3.3067,3.0724
1995-05-01,3.1864,3.1683,2.8148,3.3553,3.1312
1995-06-01,3.0405,3.1016,2.7158,3.3323,3.0476
1995-07-01,2.7628,3.1823,2.6875,3.3869,3.0049
1995-08-01,2.6174,3.1343,2.6538,3.2381,2.9109
1995-09-01,2.5435,3.0941,2.6737,3.3517,2.9158
1995-10-01,2.8094,3.1784,2.8096,3.4641,3.0654
1995-11-01,2.6052,3.0354,2.6973,3.38,2.9295
1995-12-01,2.5384,3.1503,2.8505,3.3798,2.9798
1996-01-01,2.7279,3.1164,2.8554,3.2771,2.9942
1996-02-01,2.6508,3.0565,2.8225,3.2599,2.9474
1996-03-01,2.8402,3.0437,2.8279,3.1345,2.9616
1996-04-01,2.8966,3.0,2.7809,3.0048,2.9206
1996-05-01,2.8909,2.9484,2.7894,3.0478,2.9191
1996-06-01,2.7541,2.9829,2.8093,3.0518,2.8995
1996-07-01,2.9508,2.9965,2.8698,3.0874,2.9761
1996-08-01,2.8777,2.9446,2.7999,3.0835,2.9264
1996-09-01,3.0026,2.9336,2.8284,3.0631,2.9569
1996-10-01,2.9928,2.9048,2.8114,2.9437,2.9132
1996-11-01,3.2552,2.9737,2.9023,2.9804,3.0279
1996-12-01,3.3225,2.9419,2.8713,3.0564,3.048
1997-01-01,3.044,2.8797,2.7756,2.9124,2.9029
1997-02-01,3.0342,2.8566,2.7371,2.8025,2.8576
1997-03-01,2.7617,2.8436,2.6308,2.8546,2.7727
1997-04-01,2.4952,2.8314,2.5793,2.9109,2.7042
1997-05-01,2.235,2.8063,2.5008,2.8702,2.6031
1997-06-01,2.2974,2.8052,2.5202,2.8284,2.6128
1997-07-01,2.2293,2.7075,2.4441,2.7522,2.5333
1997-08-01,2.225,2.707,2.38,2.6537,2.4914
1997-09-01,2.1546,2.6573,2.3163,2.5448,2.4182
1997-10-01,2.0846,2.6239,2.2611,2.6189,2.3971
1997-11-01,1.8285,2.5585,2.16,2.5486,2.2739
1997-12-01,1.7024,2.6309,2.126,2.6215,2.2702
1998-01-01,1.5713,2.5806,2.0538,2.6732,2.2197
1998-02-01,1.4411,2.6245,2.0017,2.6916,2.1897
1998-03-01,1.375,2.5821,2.0637,2.6723,2.1733
1998-04-01,1.4357,2.5227,2.0683,2.6405,2.1668
1998-05-01,1.6864,2.5561,2.1066,2.6113,2.2401
1998-06-01,1.6843,2.6081,2.0449,2.6002,2.2344
1998-07-01,1.6822,2.7072,2.0606,2.6033,2.2633
1998-08-01,1.6169,2.7951,2.1474,2.634,2.2984
1998-09-01,1.4888,2.848,2.0324,2.5942,2.2408
1998-10-01,1.4851,2.9192,2.0092,2.5351,2.2371
1998-11-01,1.548,2.8761,2.0091,2.5236,2.2392
1998-12-01,1.6119,2.7863,1.9741,2.4378,2.2025
1999-01-01,1.6708,2.713,1.9317,2.3831,2.1747
1999-02-01,1.6059,2.6185,1.862,2.3162,2.1006
1999-03-01,1.7263,2.5683,1.7631,2.2375,2.0738
1999-04-01,2.2769,2.6017,1.865,2.2266,2.2426
1999-05-01,2.0885,2.4913,1.7714,2.1533,2.1261
1999-06-01,1.9632,2.3292,1.7381,2.0703,2.0252
1999-07-01,2.1446,2.2611,1.7231,2.1111,2.06
1999-08-01,2.2644,2.1774,1.6908,2.0948,2.0569
1999-09-01,2.6284,2.1207,1.8695,2.0707,2.1723
1999-10-01,2.561,1.9843,1.8161,2.0496,2.1028
1999-11-01,2.622,1.9839,1.811,2.1478,2.1412
1999-12-01,2.6846,2.0345,1.8588,2.1678,2.1864
2000-01-01,2.7389,2.2253,2.0312,2.3355,2.3327
2000-02-01,3.2219,2.3124,2.1932,2.3792,2.5267
2000-03-01,3.7576,2.4433,2.4158,2.4833,2.775
2000-04-01,3.0686,2.41,2.2698,2.4092,2.5394
2000-05-01,3.1889,2.505,2.3931,2.5586,2.6614
2000-06-01,3.7304,2.669,2.5566,2.7015,2.9144
2000-07-01,3.6593,2.7557,2.648,2.713,2.944
2000-08-01,3.4111,2.7987,2.6664,2.8748,2.9378
2000-09-01,3.4544,2.8477,2.668,2.8971,2.9668
2000-10-01,3.4483,2.9322,2.7168,2.9199,3.0043
2000-11-01,3.4462,2.9711,2.725,2.8701,3.0031
2000-12-01,3.3868,3.029,2.8329,2.9721,3.0552
2001-01-01,3.7322,3.0475,2.879,2.8785,3.1343
2001-02-01,3.5336,3.0518,2.8669,2.9797,3.108
2001-03-01,2.9206,3.0165,2.7662,2.9619,2.9163
2001-04-01,3.2691,3.089,2.8338,3.0911,3.0708
2001-05-01,3.6152,3.1429,2.8668,3.074,3.1747
2001-06-01,3.2483,3.1745,2.852,3.2006,3.1188
2001-07-01,2.7199,3.0909,2.7438,3.2078,2.9406
2001-08-01,2.7199,3.1682,2.7178,3.2517,2.9644
2001-09-01,2.6482,3.1443,2.6419,3.3887,2.9558
2001-10-01,2.1264,3.2676,2.6138,3.4841,2.873
2001-11-01,1.8955,3.3337,2.6805,3.602,2.8779
2001-12-01,1.5517,3.265,2.562,3.5649,2.7359
2002-01-01,1.1422,3.1557,2.3719,3.5575,2.5568
2002-02-01,1.1377,3.2013,2.3068,3.5274,2.5433
2002-03-01,1.4756,3.1913,2.2651,3.4685,2.6001
2002-04-01,1.6393,3.1522,2.3088,3.4658,2.6415
2002-05-01,1.1818,3.062,2.1976,3.4521,2.4734
2002-06-01,1.0674,2.977,2.0204,3.2417,2.3266
2002-07-01,1.4648,2.9611,2.0795,3.2637,2.4423
2002-08-01,1.8028,2.8346,2.1255,3.1466,2.4774
2002-09-01,1.5143,2.8292,2.0927,3.0266,2.3657
2002-10-01,2.0259,2.6741,2.1194,2.9372,2.4391
2002-11-01,2.1984,2.5465,2.0716,2.8243,2.4102
2002-12-01,2.3769,2.5912,2.0621,2.7922,2.4556
2003-01-01,2.5974,2.5428,2.0975,2.7782,2.504
2003-02-01,2.9809,2.4257,2.1413,2.6956,2.5609
2003-03-01,3.0201,2.2797,2.0566,2.6191,2.4939
2003-04-01,2.2247,2.1017,1.809,2.4506,2.1465
2003-05-01,2.0578,1.9894,1.7401,2.3386,2.0315
2003-06-01,2.1123,1.8743,1.7638,2.2617,2.003
2003-07-01,2.1099,1.9096,1.7698,2.2282,2.0044
2003-08-01,2.1583,1.9155,1.7232,2.1553,1.9881
2003-09-01,2.3204,1.8578,1.7274,2.1743,2.02
2003-10-01,2.0408,1.8397,1.6698,2.1507,1.9252
2003-11-01,1.765,1.7792,1.5331,2.026,1.7758
2003-12-01,1.8795,1.6787,1.6204,1.9678,1.7866
2004-01-01,1.9263,1.6819,1.6101,1.9498,1.792
2004-02-01,1.6931,1.7594,1.6461,2.0372,1.784
2004-03-01,1.7372,1.8933,1.7582,2.1266,1.8788
2004-04-01,2.2851,2.0595,1.9498,2.2479,2.1356
2004-05-01,3.0518,2.238,2.1286,2.2286,2.4118
2004-06-01,3.2662,2.372,2.2541,2.3708,2.5658
2004-07-01,2.9908,2.2969,2.1484,2.255,2.4228
2004-08-01,2.6544,2.3397,2.076,2.2497,2.33
2004-09-01,2.5378,2.3501,2.1193,2.2319,2.3098
2004-10-01,3.1892,2.3972,2.2383,2.2293,2.5135
2004-11-01,3.523,2.4219,2.44,2.2938,2.6697
2004-12-01,3.2556,2.4317,2.3646,2.3042,2.589
2005-01-01,2.9698,2.5315,2.3914,2.3088,2.5504
2005-02-01,3.0075,2.5639,2.395,2.2791,2.5614
2005-03-01,3.1483,2.494,2.3975,2.2387,2.5696
2005-04-01,3.5106,2.4571,2.4989,2.2318,2.6746
2005-05-01,2.8027,2.4531,2.4127,2.3503,2.5047
2005-06-01,2.5303,2.3612,2.2587,2.191,2.3353
2005-07-01,3.1679,2.466,2.398,2.2926,2.5811
2005-08-01,3.6412,2.4118,2.4552,2.2568,2.6912
2005-09-01,4.6867,2.5674,2.596,2.3265,3.0442
2005-10-01,4.3478,2.6231,2.5657,2.3182,2.9637
2005-11-01,3.4555,2.7367,2.5757,2.4249,2.7982
2005-12-01,3.4157,2.761,2.5351,2.463,2.7937
2006-01-01,3.9853,2.7164,2.648,2.4448,2.9486
2006-02-01,3.5975,2.6138,2.5304,2.4929,2.8086
2006-03-01,3.3626,2.7127,2.5161,2.5753,2.7917
2006-04-01,3.5457,2.7788,2.4827,2.6753,2.8706
2006-05-01,4.1667,2.8712,2.573,2.7784,3.0973
2006-06-01,4.3188,3.0032,2.7377,3.0293,3.2723
2006-07-01,4.1453,3.0053,2.7436,3.0892,3.2458
2006-08-01,3.8187,3.2046,2.8694,3.2199,3.2782
2006-09-01,2.0624,3.0446,2.7061,3.2071,2.755
2006-10-01,1.3052,3.0711,2.6323,3.286,2.5736
2006-11-01,1.9737,3.0868,2.4654,3.1413,2.6668
2006-12-01,2.5407,3.1305,2.5655,3.1159,2.8382
2007-01-01,2.0756,3.1371,2.5161,3.1367,2.7164
2007-02-01,2.4152,3.335,2.728,3.1524,2.9076
2007-03-01,2.7788,3.3021,2.7915,3.0999,2.9931
2007-04-01,2.5737,3.2586,2.7404,2.9575,2.8826
2007-05-01,2.6909,3.0976,2.668,2.7742,2.8077
2007-06-01,2.687,3.1033,2.639,2.6217,2.7628
2007-07-01,2.3582,3.0844,2.5733,2.5253,2.6353
2007-08-01,1.9701,2.8822,2.4262,2.4592,2.4344
2007-09-01,2.7551,3.0154,2.5305,2.475,2.694
2007-10-01,3.5362,2.9975,2.7005,2.4946,2.9322
2007-11-01,4.3062,3.035,2.9171,2.6495,3.227
2007-12-01,4.0813,3.0564,2.9421,2.7124,3.198
2008-01-01,4.2803,3.083,3.0061,2.7477,3.2793
2008-02-01,4.0266,2.9514,2.9013,2.6177,3.1242
2008-03-01,3.9815,2.9807,2.9515,2.6889,3.1506
2008-04-01,3.9369,2.97,2.9651,2.7255,3.1494
2008-05-01,4.1755,2.9792,3.0941,2.793,3.2604
2008-06-01,5.0218,3.0443,3.2909,2.9339,3.5727
2008-07-01,5.6001,3.1407,3.6299,3.0105,3.8453
2008-08-01,5.3719,3.204,3.62,3.0808,3.8192
2008-09-01,4.9369,3.16,3.5546,3.0716,3.6808
2008-10-01,3.6552,3.057,3.2561,2.9222,3.2226
2008-11-01,1.0696,2.9283,2.9773,2.7771,2.4381
2008-12-01,0.0914,2.7076,2.76,2.6145,2.0434
2009-01-01,0.0298,2.6344,2.6043,2.536,1.9511
2009-02-01,0.2362,2.5748,2.5523,2.5426,1.9765
2009-03-01,-0.3836,2.4804,2.2833,2.4377,1.7044
2009-04-01,-0.7369,2.4487,2.1434,2.3599,1.5538
2009-05-01,-1.2814,2.3507,1.8861,2.2738,1.3073
2009-06-01,-1.4268,2.0764,1.6042,2.0781,1.083
2009-07-01,-2.0972,1.7549,1.0634,1.9102,0.6578
2009-08-01,-1.4843,1.6459,1.0571,1.757,0.7439
2009-09-01,-1.2862,1.4585,0.9742,1.6028,0.6873
2009-10-01,-0.1828,1.3745,1.1283,1.5092,0.9573
2009-11-01,1.8383,1.256,1.1977,1.3616,1.4134
2009-12-01,2.7213,1.2642,1.2268,1.3188,1.6328
2010-01-01,2.6257,1.1211,1.1272,1.1708,1.5112
2010-02-01,2.1433,0.9335,0.9499,1.0487,1.2688
2010-03-01,2.314,0.7506,0.9294,0.9255,1.2299
2010-04-01,2.2364,0.6337,0.8962,0.8694,1.1589
2010-05-01,2.021,0.5491,0.838,0.7933,1.0504
2010-06-01,1.0533,0.5913,0.7588,0.778,0.7954
2010-07-01,1.2352,0.6336,0.8713,0.7441,0.871
2010-08-01,1.1481,0.5344,0.832,0.6911,0.8014
2010-09-01,1.1437,0.5859,0.8323,0.6639,0.8064
2010-10-01,1.1722,0.5806,0.7492,0.6723,0.7936
2010-11-01,1.1432,0.6472,0.779,0.8233,0.8482
2010-12-01,1.4957,0.7248,0.852,0.8308,0.9758
2011-01-01,1.6318,0.8566,1.0349,0.954,1.1193
2011-02-01,2.1076,1.0994,1.2952,1.1178,1.405
2011-03-01,2.6816,1.2693,1.5119,1.18,1.6607
2011-04-01,3.1636,1.419,1.6838,1.2103,1.8692
2011-05-01,3.5686,1.5886,1.9819,1.2561,2.0988
2011-06-01,3.5588,1.6438,2.0866,1.294,2.1458
2011-07-01,3.6287,1.8027,2.1936,1.4184,2.2608
2011-08-01,3.7712,2.032,2.395,1.6514,2.4624
2011-09-01,3.8684,2.1116,2.468,1.7215,2.5424
2011-10-01,3.5252,2.1867,2.5221,1.8358,2.5175
2011-11-01,3.3944,2.2311,2.5803,1.8354,2.5103
2011-12-01,2.9624,2.3131,2.5983,2.0451,2.4797
2012-01-01,2.9252,2.3899,2.6042,2.1134,2.5082
2012-02-01,2.8711,2.2955,2.4281,2.0161,2.4027
2012-03-01,2.6514,2.3519,2.3937,2.1228,2.38
2012-04-01,2.3027,2.3549,2.3417,2.1918,2.2978
2012-05-01,1.7043,2.307,2.1113,2.1882,2.0777
2012-06-01,1.664,2.3066,2.113,2.2389,2.0806
2012-07-01,1.4085,2.2688,1.9859,2.2605,1.9809
2012-08-01,1.6924,2.2063,1.8981,2.1711,1.992
2012-09-01,1.9913,2.1892,1.8743,2.2193,2.0685
2012-10-01,2.1623,2.1769,1.9425,2.2065,2.122
2012-11-01,1.7641,2.1957,1.8917,2.1957,2.0118
2012-12-01,1.741,2.1471,1.8512,2.1071,1.9616
2013-01-01,1.5949,2.1094,1.764,2.0659,1.8836
2013-02-01,1.9779,2.1733,1.8715,2.1437,2.0416
2013-03-01,1.4739,2.0726,1.7472,2.0969,1.8477
2013-04-01,1.0631,2.0563,1.6441,1.9323,1.674
2013-05-01,1.362,2.075,1.6391,1.905,1.7453
2013-06-01,1.7544,2.0929,1.6421,1.874,1.8408
2013-07-01,1.9607,2.0862,1.7215,1.8653,1.9084
2013-08-01,1.5184,2.0633,1.7333,1.9117,1.8067
2013-09-01,1.1849,2.0588,1.6936,1.8882,1.7064
2013-10-01,0.9636,1.9992,1.5879,1.8667,1.6044
2013-11-01,1.2371,2.0435,1.607,1.891,1.6946
2013-12-01,1.5017,2.1311,1.6811,1.8724,1.7966
2014-01-01,1.5789,2.1033,1.7334,1.8219,1.8094
2014-02-01,1.1263,2.0949,1.6605,1.7892,1.6677
2014-03-01,1.5122,2.2321,1.7839,1.8214,1.8374
2014-04-01,1.9529,2.2426,1.935,2.0257,2.039
2014-05-01,2.1271,2.2917,2.0598,2.1275,2.1515
2014-06-01,2.0723,2.2225,2.0114,2.1427,2.1122
2014-07-01,1.9923,2.256,2.04,2.0983,2.0966
2014-08-01,1.6996,2.2229,1.8975,1.959,1.9448
2014-09-01,1.6579,2.1981,1.8843,1.9502,1.9226
2014-10-01,1.6643,2.304,1.9264,2.0015,1.974
2014-11-01,1.3224,2.275,1.8519,1.9991,1.8621
2014-12-01,0.7565,2.2367,1.7936,1.9612,1.687
2015-01-01,-0.0893,2.1984,1.6412,1.9764,1.4317
2015-02-01,-0.0251,2.1654,1.661,1.9725,1.4434
2015-03-01,-0.0736,2.1301,1.6524,1.9896,1.4246
2015-04-01,-0.1995,2.1921,1.6213,2.0537,1.4169
2015-05-01,-0.0399,2.1884,1.5699,2.0566,1.4438
2015-06-01,0.1238,2.327,1.6597,2.1037,1.5536
2015-07-01,0.1696,2.2867,1.6341,2.1305,1.5552
2015-08-01,0.1951,2.277,1.674,2.1692,1.5788
2015-09-01,-0.0361,2.3655,1.7577,2.2685,1.5889
2015-10-01,0.1706,2.3533,1.7551,2.3355,1.6536
2015-11-01,0.5018,2.3541,1.7968,2.3946,1.7618
2015-12-01,0.7295,2.3083,1.7371,2.4375,1.8031
2016-01-01,1.3731,2.3717,1.8041,2.4609,2.0024
2016-02-01,1.0178,2.4204,1.8332,2.5383,1.9524
2016-03-01,0.8525,2.4027,1.8112,2.5262,1.8981
2016-04-01,1.1251,2.474,1.8857,2.5314,2.004
2016-05-01,1.0193,2.5387,1.9536,2.5657,2.0193
2016-06-01,0.9973,2.4663,1.9291,2.5636,1.9891
2016-07-01,0.8271,2.5137,1.9214,2.5697,1.958
2016-08-01,1.0629,2.6063,2.0103,2.7163,2.099
2016-09-01,1.4638,2.5647,1.9986,2.6248,2.163
2016-10-01,1.636,2.5425,2.0145,2.5023,2.1738
2016-11-01,1.6925,2.5587,2.0475,2.5186,2.2043
2016-12-01,2.0746,2.5757,2.1455,2.5853,2.3453
2017-01-01,2.5,2.6361,2.2723,2.6517,2.515
2017-02-01,2.738,2.6989,2.3201,2.6646,2.6054
2017-03-01,2.3806,2.6731,2.2406,2.4366,2.4327
2017-04-01,2.1997,2.4839,2.0723,2.2357,2.2479
2017-05-01,1.8749,2.3869,1.9556,2.1396,2.0892
2017-06-01,1.6335,2.3696,1.8706,2.1221,1.9989
2017-07-01,1.728,2.339,1.8448,2.1318,2.0109
2017-08-01,1.939,2.3,1.8354,2.075,2.0374
2017-09-01,2.233,2.3309,1.7835,2.0914,2.1097
2017-10-01,2.0411,2.3649,1.799,2.1776,2.0956
2017-11-01,2.2026,2.3617,1.8007,2.0998,2.1162
2017-12-01,2.1091,2.4381,1.8483,2.1172,2.1282
2018-01-01,2.0705,2.4984,1.9019,2.1578,2.1572
2018-02-01,2.2118,2.392,1.8993,2.1231,2.1566
2018-03-01,2.3597,2.396,1.9468,2.3669,2.2674
2018-04-01,2.4627,2.5111,2.0407,2.4916,2.3765
2018-05-01,2.801,2.5835,2.1318,2.5432,2.5149
2018-06-01,2.8715,2.645,2.2094,2.5519,2.5695
2018-07-01,2.9495,2.6441,2.2022,2.5188,2.5786
2018-08-01,2.6992,2.6459,2.1788,2.4324,2.4891
2018-09-01,2.277,2.6012,2.2062,2.4629,2.3868
2018-10-01,2.5225,2.6163,2.2369,2.4152,2.4477
2018-11-01,2.1766,2.7245,2.2948,2.4764,2.4181
2018-12-01,1.9102,2.7209,2.3481,2.4562,2.3589
2019-01-01,1.5512,2.6151,2.2481,2.3751,2.1974
2019-02-01,1.5201,2.6956,2.2178,2.3759,2.2024
2019-03-01,1.8625,2.7998,2.3035,2.3569,2.3307
2019-04-01,1.9964,2.7912,2.2943,2.3928,2.3687
2019-05-01,1.7902,2.756,2.1787,2.3609,2.2714
2019-06-01,1.6485,2.7835,2.164,2.3926,2.2472
2019-07-01,1.8115,2.8745,2.2675,2.4759,2.3574
2019-08-01,1.7498,2.902,2.2832,2.6304,2.3914
2019-09-01,1.7113,2.9163,2.2778,2.6229,2.3821
2019-10-01,1.764,2.9217,2.3586,2.7476,2.448
2019-11-01,2.0513,2.8847,2.3896,2.772,2.5244
2019-12-01,2.2851,2.8525,2.3316,2.7526,2.5554
2020-01-01,2.4866,2.9124,2.3506,2.8002,2.6374
2020-02-01,2.3349,2.9048,2.3767,2.7923,2.6022
2020-03-01,1.5393,2.884,2.3179,2.5923,2.3334
2020-04-01,0.3291,2.8298,2.1575,2.1607,1.8693
2020-05-01,0.1179,2.8582,2.2439,2.0,1.805
2020-06-01,0.6457,2.7637,2.2636,1.9983,1.9178
2020-07-01,0.9861,2.7838,2.3761,2.287,2.1082
2020-08-01,1.3096,2.7823,2.4353,2.222,2.1873
2020-09-01,1.3713,2.6679,2.3848,1.9916,2.1039
2020-10-01,1.1821,2.5968,2.2373,1.7496,1.9414
2020-11-01,1.1745,2.4451,2.1374,1.7074,1.8661
2020-12-01,1.362,2.3546,2.1142,1.6039,1.8587
2021-01-01,1.3998,2.1604,1.9662,1.3883,1.7287
2021-02-01,1.6762,2.1236,1.9966,1.4185,1.8037
2021-03-01,2.6198,2.0582,2.0793,1.6061,2.0908
2021-04-01,4.1597,2.1144,2.4391,2.224,2.7343
2021-05-01,4.9927,2.1513,2.7186,2.5683,3.1077
2021-06-01,5.3915,2.2677,2.9768,2.5633,3.2998
2021-07-01,5.3655,2.2343,3.0618,2.3222,3.246
2021-08-01,5.2513,2.3528,3.2263,2.3189,3.2873
2021-09-01,5.3903,2.6969,3.5693,2.5973,3.5634
2021-10-01,6.2219,3.1343,4.2266,3.0125,4.1488
2021-11-01,6.809,3.4567,4.6583,3.1888,4.5282
2021-12-01,7.0364,3.7426,5.0204,3.4517,4.8128
2022-01-01,7.4799,4.1659,5.5426,3.9584,5.2867
2022-02-01,7.8711,4.4951,5.8915,4.279,5.6342
2022-03-01,8.5425,4.8282,6.1847,4.538,6.0234
2022-04-01,8.2586,5.1624,6.2755,4.7051,6.1004
2022-05-01,8.5815,5.5088,6.5521,4.9597,6.4005
2022-06-01,9.0598,5.893,6.876,5.396,6.8062
2022-07-01,8.5248,6.2239,6.8973,5.5848,6.8077
2022-08-01,8.2627,6.5346,7.0947,5.9368,6.9572
2022-09-01,8.2017,6.6735,7.174,6.331,7.095
2022-10-01,7.7454,6.7117,6.8308,6.3107,6.8996
2022-11-01,7.1103,6.7637,6.6295,6.4301,6.7334
2022-12-01,6.4544,6.8136,6.5529,6.5448,6.5914
2023-01-01,6.4101,6.8493,6.4885,6.4886,6.5591
2023-02-01,6.0356,6.9208,6.3389,6.5277,6.4557
2023-03-01,4.985,6.7976,6.0169,6.3942,6.0484
2023-04-01,4.9303,6.6364,5.8914,6.2657,5.931
2023-05-01,4.0476,6.4144,5.4113,5.9787,5.463
2023-06-01,2.9692,6.1528,4.8969,5.5797,4.8996
2023-07-01,3.1778,5.8362,4.6819,5.3948,4.7727
2023-08-01,3.6651,5.5415,4.366,5.1604,4.6832
2023-09-01,3.6997,5.4288,4.1618,4.9493,4.5599
2023-10-01,3.2411,5.1781,3.98,4.8827,4.3205
2023-11-01,3.1373,5.1658,3.8519,4.6962,4.2128
2023-12-01,3.3521,5.063,3.6561,4.5639,4.1588
2024-01-01,3.0909,4.9569,3.5661,4.6055,4.0548
2024-02-01,3.1532,4.7314,3.456,4.4076,3.937
2024-03-01,3.4774,4.7389,3.5587,4.513,4.072
2024-04-01,3.3574,4.672,3.4504,4.4132,3.9732
2024-05-01,3.269,4.4598,3.3252,4.3109,3.8412
2024-06-01,2.9714,4.2804,3.2441,4.2407,3.6842
2024-07-01,2.8948,4.2232,3.2127,4.1823,3.6282
2024-08-01,2.5307,4.1809,3.1274,4.1118,3.4877
2024-09-01,2.4406,4.0607,3.0819,4.0116,3.3987
2024-10-01,2.5979,4.0101,3.1319,3.9752,3.4288
2024-11-01,2.7494,3.8187,3.1553,3.8908,3.4036
2024-12-01,2.8881,3.7313,3.1366,3.7529,3.3772
2025-01-01,3.0005,3.6026,3.0747,3.6247,3.3256
2025-02-01,2.8215,3.5178,3.0335,3.5209,3.2234
2025-03-01,2.3907,3.4431,2.9343,3.2659,3.0085
2025-04-01,2.3113,3.4189,2.9537,3.1782,2.9655
2025-05-01,2.3549,3.4811,3.0268,3.168,3.0077
2025-06-01,2.6692,3.5825,3.1535,3.3025,3.1769
2025-07-01,2.7049,3.6531,3.1985,3.4271,3.2459
2025-08-01,2.9162,3.6343,3.2616,3.4309,3.3108
2025-09-01,3.0127,3.4913,3.1643,3.3222,3.2476
2025-10-01,,3.2761,2.9914,3.0778,3.1151
2025-11-01,2.7351,3.1012,2.8614,2.9548,2.9131
2025-12-01,2.6771,3.0977,2.9112,3.0063,2.9231
2026-01-01,2.3864,2.966,2.7229,2.9798,2.7638
2026-02-01,2.4141,2.8457,2.6727,2.9039,2.7091
2026-03-01,3.2564,2.7152,2.644,2.9293,2.8862
2026-04-01,3.8108,2.8037,2.8323,3.0389,3.1214
2026-05-01,4.2487,2.8529,2.9052,3.0913,3.2745
2026-06-01,3.5314,2.7145,2.6283,2.8069,2.9203
