event_id,recording,found_by,note
108636,https://www.facebook.com/NaturalResourcesCommittee/videos/229273101074850/,committee event page,"Natural Resources field hearing in Roosevelt, Utah, 2018-08-29: the committee's event page (EventID=405504) embeds its Facebook stream; no YouTube copy"
105809,nkXuTKmNPl0,committee event page,"Veterans' Affairs Health subcommittee markup, 2017-04-06: 14 minutes, under the index's 20-minute floor; veterans.house.gov's event page (EventID=1669) embeds it"
110981,75qq8_65jR0,channel cache,"Veterans' Affairs business meeting, 2020-09-10: 'Full Committee Virtual Business Meeting + Legislative Hearing' covers this and the same-day hearing"
110982,5dbuDzq-58k,channel cache,"Veterans' Affairs legislative hearing, 2020-09-10: 'Full Committee Hearing on Pending Legislation', the same session on the committee's other channel"
105282,8loyvW9axi0,YouTube search,"Financial Services 'Corporate Governance' hearing entered for 2016-09-09: held 2016-09-21 and uploaded as '092116 - ... (EventID=105364)', an event ID Congress.gov's export lacks"
117627,dHw1lCTjV5k,YouTube search,"Agriculture's record of the joint oversight hearing on food distribution shortages, 2024-09-11: the upload is on the House Appropriations channel"
101901,5keRF-cM10M,committee event page,"Oversight markup, 2014-03-12: oversight.house.gov/markup/14283/ embeds '3-12-2012 Committee Business Meeting - Markup' (year typo in the title)"
105562,dfswm8_JFjU,committee event page,Oversight markup of H.J. Res. 27 entered for 2017-02-13: the committee's page for it embeds the 2017-02-14 'Full Committee Business Meeting'
114558,Eohk7VwdFAA,committee event page,"Natural Resources legislative hearing on H.R. 4715, 5715 and 6707, 2022-03-31: the event page embeds 'Subcommittee for Indigenous Peoples of the United States Legislative Hearing'"
104107,K0S77E_fqPs,committee event page,"Veterans' Affairs record of the joint hearing with Oversight on VA and DoD electronic health records, 2015-10-27: the upload is on Oversight's channel"
104373,oVIDHorvAVk,channel cache,"Homeland Security's record of the joint hearing 'Wassenaar: Cybersecurity and Export Control', 2016-01-12: the upload is on Oversight's channel"
108754,BhwjiTpnSYo,committee event page,"Homeland Security's record of the joint hearing 'Interagency Cyber Cooperation', 2018-11-14: the upload is on Armed Services' channel"
108756,BhwjiTpnSYo,committee event page,"Homeland Security's second record of the same joint hearing, 2018-11-14"
111073,QHTZ6yfP9ws,channel cache,"Armed Services' record of the joint hearing 'Strengthening Biological Security', 2020-10-02: the upload is on Foreign Affairs' channel"
115752,Ihw5wBp55Ug,channel cache,"House Administration's record of the joint hearing with Oversight, 2023-04-19: 'Joint Hearing: Data Breach at the DC Health Exchange' is on Oversight's channel"
103713,Jlsy58CZcjM,committee event page,"Agriculture Nutrition subcommittee hearing on SNAP, 2015-07-15: the committee's event page embeds 'SubCmte examines evidence-based solutions ...' (73 min), posted the next day under a title unlike the meeting's"
105516,PnbEzbOQvq0,committee event page,"Oversight business meeting on its authorization and oversight plan, 2017-01-31: the committee's page for it embeds 'Full Committee Business Meeting - Part 1' (170 min); the committee held two meetings that day"
106456,CoauQ8nJppw,committee event page,"Homeland Security's record of the joint hearing 'Innovations in Security: Examining the Use of Canines', 2017-10-03: the upload is on Oversight's channel"
106585,k3wtzAIdjUE,committee event page,"Veterans' Affairs markup of H.R. 4243, 2017-11-08: the committee's event page embeds 'Full Committee Markup' (83 min); the committee held two meetings that day"
114670,kJ-6zJkglVM,committee event page,"Natural Resources legislative hearing on H.R. 4878 and others, 2022-04-28: the event page embeds 'Legislative Hearing | National Parks, Forests, and Public Lands' (238 min)"
116201,KyAq0piahk0,committee event page,"Veterans' Affairs Health subcommittee markup, 2023-07-18: the committee's page embeds 'Subcommittee on Health Markup' (36 min), posted the next day"
116201,6zjWGzxJ4UI,committee event page,the same markup on the committee Democrats' channel (52 min)
117715,OFcbmE2qMxo,committee event page,"Natural Resources markup, 2024-11-20: the event page embeds 'Full Committee Markup' (79 min), posted the next day, when the committee also met"
