committee,systemCode,handle,secondary,evidence
"Agriculture, Nutrition, and Forestry Committee",ssaf00,,,"No channel found. agriculture.senate.gov links only senators' personal channels (Boozman, Klobuchar) and embeds their videos; channel/video searches (Senate Ag Committee, +Dems/GOP/Majority/Minority, chairs Harkin/Stabenow/Roberts/Boozman) found only personal/state channels; @senateag is unrelated"
Appropriations Committee,ssap00,@SenateApprops,,"@SenateApprops: 'Senate Appropriations Committee Democrats', About links appropriations.senate.gov; uploads Mikulski vice-chair statements/CJS hearings, dormant since 2016. No majority/GOP channel found; current site embeds Sen. Collins' personal channel"
Armed Services Committee,ssas00,,,"No channel found. armed-services.senate.gov has no YouTube links or embeds; searches (SASC, Armed Services +Majority/Minority/Dems/GOP, chairs Levin/McCain/Inhofe/Reed/Wicker) return only senators' personal channels and unrelated 'SASC' channels; @armedservicesGOP is House"
"Banking, Housing, and Urban Affairs Committee",ssbk00,@SenBankingGOP,@senatebankinghousingandurbdems;@SenateBankingGOP;@SenateBanking,"@SenBankingGOP linked from banking.senate.gov, current Chairman Tim Scott uploads; @senatebankinghousingandurbdems linked from site (old @...urb4992 link now 404, embeds resolve here), About links banking.senate.gov, Brown/Warren uploads; @SenateBankingGOP description 'on behalf of Ranking Member Mike Crapo', dormant 2018; @SenateBanking About links banking.senate.gov, Chairman Tim Johnson uploads 2011-2013"
Budget Committee,ssbu00,@BudgetGOP,@SenateBudget,"@BudgetGOP About links budget.senate.gov/ranking-member, Graham/Sessions-era Republican uploads, dormant since 2022; @SenateBudget 'Senate Budget Democrats', About links budget.senate.gov, Ranking Member Merkley, active. No current-majority channel beyond @BudgetGOP"
"Commerce, Science, and Transportation Committee",sscm00,@CommerceRepublicans,@commercedems;@senatecommercecommitteedem873;@SenateCommercePress,"@CommerceRepublicans linked sitewide on commerce.senate.gov, About links site, Chairman Cruz; @commercedems linked from site, About links commerce.senate.gov, Cantwell; @senatecommercecommitteedem873 Ranking Member Nelson uploads 2017-2018; @SenateCommercePress About links commerce.senate.gov, Thune-era uploads to 2016"
Energy and Natural Resources Committee,sseg00,@ENRGOP,@SenateEnergy,"Both linked from energy.senate.gov homepage; @ENRGOP Chairman Lee uploads (last 2025-07); @SenateEnergy 'Senate Energy Dems', About links energy.senate.gov, Ranking Member Heinrich, active"
Environment and Public Works Committee,ssev00,@EPWGOP,@EPWCmte,"@EPWGOP description 'EPW Republicans led by Senator Capito', Chairman Capito hearing uploads; @EPWCmte About links epw.senate.gov, 'EPW Democrats', Ranking Member Whitehouse, active (long-running since 2011). epw.senate.gov itself has no YouTube links"
Finance Committee,ssfi00,@GOPSenateFinance,@SenFinanceMajority;@SenateFinance,"@GOPSenateFinance About links finance.senate.gov, Hatch ranking/chair era, dormant 2018; @SenFinanceMajority linked from finance.senate.gov, About links site, Chairman Wyden 2014-2016; @SenateFinance About links finance.senate.gov but no public uploads. No current Crapo-era or Wyden-minority channel found"
Foreign Relations Committee,ssfr00,@SFRCDems,,"@SFRCDems 'Senate Foreign Relations Committee', About links foreign.senate.gov, Ranking Member Shaheen, active. No majority channel found (site embeds Risch/Shaheen personal videos); @ForeignRelationsCommittee is unrelated"
Homeland Security and Governmental Affairs Committee,ssga00,@HSGACDems,,"@HSGACDems (legacy youtube.com/user/HSGAC, joined 2010) Ranking Member Peters uploads, active. No majority channel found; hsgac.senate.gov links only Sen. Peters' personal channel"
"Health, Education, Labor, and Pensions Committee",sshr00,@gophelp,@HELPCommitteeGOP,"@gophelp 'Senate HELP Committee Republicans', videos embedded on help.senate.gov, Chairman Cassidy hearings, active; @HELPCommitteeGOP About links help.senate.gov, Alexander era, dormant 2017. No Democratic channel found; site links Sen. Cassidy's personal channel"
Judiciary Committee,ssju00,@SenateJudiciaryDemocrats,,"@SenateJudiciaryDemocrats About links judiciarydems.senate.gov, Ranking Member Durbin, active (created 2025). No majority channel found; judiciary.senate.gov embeds Grassley/Durbin personal videos"
Rules and Administration Committee,ssra00,,,"No channel found. rules.senate.gov links only members' personal channels; searches (Senate Rules Committee, Rules and Administration, +Dems/GOP, chairs Schumer/Blunt/Klobuchar/McConnell) found nothing official"
Small Business and Entrepreneurship Committee,sssb00,@SenateSmallBusiness,@SenateSmallBiz,"@SenateSmallBusiness About links sbc.senate.gov, Democratic staff of Ranking Member Markey, 2025 hearing streams; @SenateSmallBiz About links sbc.senate.gov, Chairman Cantwell Dem staff, 2014 hearings. No Republican channel found"
Veterans' Affairs Committee,ssva00,@senateveterans6644,@ussenateveteransaffairsdem9792,"@senateveterans6644 'SenateVeterans', Chairman Sanders statements and committee field hearings 2013-2014 (no About links, content-verified only); @ussenateveteransaffairsdem9792 About links veterans.senate.gov and SVACDems socials, 1 video 2021. No current majority channel found; site embeds Sen. Moran's personal videos"
United States Senate Caucus on International Narcotics Control,scnc00,@senatecaucusoninternationa2031,,"Linked from drugcaucus.senate.gov, About links site, Drug Caucus hearing uploads, active"
Ethics (Select) Committee,slet00,,,No channel found. ethics.senate.gov has no YouTube links; searches found only state ethics bodies and House Ethics
Indian Affairs Committee,slia00,@SenateIndianAffairs,,"Linked sitewide on indian.senate.gov (youtube.com/user/SenateIndianAffairs), embeds resolve here, Chairman Murkowski/Vice Chair Schatz uploads, active"
Intelligence (Select) Committee,slin00,,,"No channel found. intelligence.senate.gov has no YouTube links or embeds; searches (SSCI, Senate Intelligence +Dems/GOP, Burr/Warner/Cotton) found none. Rejected @selectcommitteeonintellige289: it's the House Intelligence Republicans (Nunes)"
Senate National Security Working Group,sowg00,,,No channel found. No website; searches found nothing
Aging (Special) Committee,spag00,@SenateAging,@u.s.senatespecialcommittee3047;@demsonaging7345,"@SenateAging 'U.S. Senate Special Committee on Aging' (2025), uploads are current committee hearings (Chairman Rick Scott); @u.s.senatespecialcommittee3047 About links aging.senate.gov, Chairman Nelson/Ranking Member Collins 2014; @demsonaging7345 description 'Ranking Member Bob Casey and Democratic Committee Members', 2017-2018"
"Impeachment Trial Committee on the Articles Against Judge G. Thomas Porteous, Jr.",spia00,,,"No channel found. Temporary 2010 impeachment trial committee (Porteous), no website; searches found nothing"
