family_id,host,path_pattern,document_family,source_format,urls,example_url,sample_urls,candidate_checks,checked,valid_xml,missing,other_format,inconclusive,outcomes,xml_roots,xml_example,earlier_checked_urls,earlier_valid_xml,earlier_xml_example
F001,amendments-rules.house.gov,/amendments/{path}/{file},other filename,pdf,1,http://amendments-rules.house.gov/amendments/3451027152158245824.pdf,1,1,1,0,1,0,0,"{""not_found"": 1}",,,0,0,
F002,beta.congress.gov,/{congress}/bills/{measure}/{file},bill or resolution,pdf,43,https://beta.congress.gov/113/bills/hres420/BILLS-113hres420rh.pdf,3,3,3,0,0,0,3,"{""http_error"": 3}",,,0,0,
F003,beta.congress.gov,/{congress}/crpt/{measure}/{file},committee report,pdf,41,https://beta.congress.gov/113/crpt/hrpt179/CRPT-113hrpt179-pt1.pdf,3,3,3,0,0,0,3,"{""http_error"": 3}",,,0,0,
F004,budget.house.gov,/uploadedfiles/{path}/{file},other filename,pdf,2,https://budget.house.gov/uploadedfiles/donovan_budget_testimony_final_house.pdf,2,2,2,0,2,0,0,"{""not_found"": 2}",,,0,0,
F005,docs.house.gov,/Committee/Calendar/ByEvent.aspx?EventID={event},meeting page,html page,5860,https://docs.house.gov/Committee/Calendar/ByEvent.aspx?EventID=100052,3,6,6,5,1,0,0,"{""not_found"": 1, ""xml"": 5}","committee-meeting, witness-list",http://docs.house.gov/meetings/FA/FA00/20220727/115044/HHRG-117-FA00-20220727.xml,0,0,
F006,docs.house.gov,/billsthisweek/{date}/{file},Rules Committee Print,pdf,314,https://docs.house.gov/billsthisweek/20150223/CPRT-114-HPRT-RU00-HR5.pdf,3,3,3,3,0,0,0,"{""xml"": 3}",amendment-doc,https://docs.house.gov/billsthisweek/20200127/BILLS-116HR3621-RCP116-47.xml,7,7,https://docs.house.gov/billsthisweek/20200127/BILLS-116HR3621-RCP116-47.xml
F007,docs.house.gov,/billsthisweek/{date}/{file},amendment,pdf,5,https://docs.house.gov/billsthisweek/20170605/BILLS-115HR10-HAmdt.pdf,3,3,3,2,1,0,0,"{""not_found"": 1, ""xml"": 2}",amendment-doc,http://docs.house.gov/billsthisweek/20131014/BILLS-113hjres59-HAmdt2a.xml,0,0,
F008,docs.house.gov,/billsthisweek/{date}/{file},bill or resolution,pdf,81,https://docs.house.gov/billsthisweek/20131007/BILLS-113hres378ih.pdf,3,3,3,1,2,0,0,"{""not_found"": 2, ""xml"": 1}",resolution,http://docs.house.gov/billsthisweek/20130930/BILLS-113hjres-PIH-INTEL.xml,0,0,
F009,docs.house.gov,/billsthisweek/{date}/{file},committee report,pdf,60,https://docs.house.gov/billsthisweek/20171113/HRPT-115-HR2810.pdf,3,3,3,0,3,0,0,"{""not_found"": 3}",,,0,0,
F010,docs.house.gov,/billsthisweek/{date}/{file},other filename,pdf,66,https://docs.house.gov/billsthisweek/20170605/Section-by-Section%20Summary.pdf,3,3,3,1,2,0,0,"{""not_found"": 2, ""xml"": 1}",amendment-doc,http://docs.house.gov/billsthisweek/20131209/AMNT-113-HJRes59sa-2R.xml,0,0,
F011,docs.house.gov,/floor/{path}/{file},other filename,download (format unknown),1,https://docs.house.gov/floor/Default.aspx?date=2022-03-07&.pdf,1,1,1,0,0,1,0,"{""html"": 1}",,,0,0,
F012,docs.house.gov,/https://rules.house.gov/sites/republicans.rules118.house.gov/files/{path}/{file},uploaded document,pdf,1,https://docs.house.gov/https://rules.house.gov/sites/republicans.rules118.house.gov/files/H3564_RCP_xml.pdf,1,1,1,0,1,0,0,"{""not_found"": 1}",,,0,0,
F013,docs.house.gov,/meetings/{committee}/{code}/{date}/{event}/{file},Rules Committee Print,pdf,4,https://docs.house.gov/meetings/RU/RU00/20181219/108800/BILLS-115RCP115-87ih.pdf,3,3,3,1,2,0,0,"{""not_found"": 2, ""xml"": 1}",amendment-doc,http://docs.house.gov/meetings/RU/RU00/20141210/102799/BILLS-113rcp113-59pp.xml,0,0,
F014,docs.house.gov,/meetings/{committee}/{code}/{date}/{event}/{file},amendment,pdf,14105,https://docs.house.gov/meetings/AP/AP00/20130718/101145/BILLS-113-HR-FC-AP-FY2014-AP00-Amdt-4.pdf,3,3,3,0,3,0,0,"{""not_found"": 3}",,,90,0,
F015,docs.house.gov,/meetings/{committee}/{code}/{date}/{event}/{file},bill or resolution,download (format unknown),11,https://docs.house.gov/meetings/VR/VR10/20130410/100593/BILLS-113HR1453pih-Toamendtitle38UnitedStatesCodetoextendtheauthoritytoprovidework-studyallowanceforcertainactivitiesbyindividualsreceivingeducat,3,3,3,0,3,0,0,"{""not_found"": 3}",,,0,0,
F016,docs.house.gov,/meetings/{committee}/{code}/{date}/{event}/{file},bill or resolution,pdf,8485,https://docs.house.gov/meetings/AS/AS00/20140507/102146/BILLS-113HR4435ih.pdf,3,3,3,0,3,0,0,"{""not_found"": 3}",,,54,0,
F017,docs.house.gov,/meetings/{committee}/{code}/{date}/{event}/{file},biography,pdf,9861,https://docs.house.gov/meetings/ED/ED00/20130205/100217/HHRG-113-ED00-Bio-BernsteinJ-20130205.pdf,3,3,3,0,3,0,0,"{""not_found"": 3}",,,351,0,
F018,docs.house.gov,/meetings/{committee}/{code}/{date}/{event}/{file},committee report,pdf,237,https://docs.house.gov/meetings/RU/RU00/20170228/105627/HRPT-115-HRept115-19.pdf,3,3,3,0,3,0,0,"{""not_found"": 3}",,,5,0,
F019,docs.house.gov,/meetings/{committee}/{code}/{date}/{event}/{file},disclosure,pdf,10795,https://docs.house.gov/meetings/JU/JU00/20130205/100218/HHRG-113-JU00-TTF-AroraP-20130205.pdf,3,3,3,0,3,0,0,"{""not_found"": 3}",,,413,0,
F020,docs.house.gov,/meetings/{committee}/{code}/{date}/{event}/{file},hearing transcript,pdf,742,https://docs.house.gov/meetings/IF/IF14/20170207/105542/HMKP-115-IF14-Transcript-20170207.pdf,3,3,3,0,3,0,0,"{""not_found"": 3}",,,2,0,
F021,docs.house.gov,/meetings/{committee}/{code}/{date}/{event}/{file},meeting notice or other,pdf,80,http://docs.house.gov/meetings/SM/SM00/20160427/104861/HMTG-114-SM00-20160427-CPg.pdf,3,3,3,0,3,0,0,"{""not_found"": 3}",,,0,0,
F022,docs.house.gov,/meetings/{committee}/{code}/{date}/{event}/{file},meeting support document,pdf,14814,https://docs.house.gov/meetings/IF/IF17/20130306/100397/HHRG-113-IF17-20130306-SD003.pdf,3,3,3,0,3,0,0,"{""not_found"": 3}",,,48,0,
F023,docs.house.gov,/meetings/{committee}/{code}/{date}/{event}/{file},member roster,pdf,281,https://docs.house.gov/meetings/JU/JU00/20170202/105522/HMKP-115-JU00-20170202-MbrRoster.pdf,3,3,3,0,3,0,0,"{""not_found"": 3}",,,1,0,
F024,docs.house.gov,/meetings/{committee}/{code}/{date}/{event}/{file},member statement,pdf,1618,https://docs.house.gov/meetings/JU/JU00/20170202/105522/HMKP-115-JU00-MState-J000032-20170202.pdf,3,3,3,0,3,0,0,"{""not_found"": 3}",,,11,0,
F025,docs.house.gov,/meetings/{committee}/{code}/{date}/{event}/{file},questions for record,pdf,474,https://docs.house.gov/meetings/II/II24/20191204/110282/HHRG-116-II24-20191204-QFR001.pdf,3,3,3,0,3,0,0,"{""not_found"": 3}",,,1,0,
F026,docs.house.gov,/meetings/{committee}/{code}/{date}/{event}/{file},vote,pdf,6844,https://docs.house.gov/meetings/GO/GO00/20170124/105479/CRPT-115-GO00-Vote001-20170124.pdf,3,3,3,0,3,0,0,"{""not_found"": 3}",,,50,0,
F027,docs.house.gov,/meetings/{committee}/{code}/{date}/{event}/{file},witness attachment,pdf,3668,https://docs.house.gov/meetings/IF/IF03/20130205/100220/HHRG-113-IF03-Wstate-MorganJ-20130205-SD001.pdf,3,3,3,0,3,0,0,"{""not_found"": 3}",,,170,0,
F028,docs.house.gov,/meetings/{committee}/{code}/{date}/{event}/{file},witness list,pdf,399,https://docs.house.gov/meetings/VR/VR09/20170214/105543/HHRG-115-VR09-WList-20170214.pdf,3,3,3,1,2,0,0,"{""not_found"": 2, ""xml"": 1}",witness-list,http://docs.house.gov/meetings/II/II24/20210323/111414/HHRG-117-II24-WList-20210323.xml,1,1,https://docs.house.gov/meetings/VR/VR09/20170214/105543/HHRG-115-VR09-WList-20170214.xml
F029,docs.house.gov,/meetings/{committee}/{code}/{date}/{event}/{file},witness testimony,pdf,18262,https://docs.house.gov/meetings/ED/ED00/20130205/100217/HHRG-113-ED00-Wstate-BernsteinJ-20130205.pdf,3,3,3,0,3,0,0,"{""not_found"": 3}",,,741,0,
F030,docsadmin-clerk.house.gov,/billsthisweek/{date}/{file},Rules Committee Print,pdf,4,https://docsadmin-clerk.house.gov/billsthisweek/20201130/BILLS-116HR3884-RCP116-67.pdf,3,3,3,0,0,0,3,"{""network_error"": 3}",,,1,0,
F031,docsadmin-clerk.house.gov,/billsthisweek/{date}/{file},other filename,pdf,8,https://docsadmin-clerk.house.gov/billsthisweek/20240415/h6323fs_rh_xml.pdf,3,3,3,0,0,0,3,"{""network_error"": 3}",,,0,0,
F032,docsadmin.clerk.house.gov,/billsthisweek/{date}/{file},Rules Committee Print,pdf,2,https://docsadmin.clerk.house.gov/billsthisweek/20131118/CPRT-113-HPRT-RU00-HR1900.pdf,2,2,2,0,0,0,2,"{""network_error"": 2}",,,0,0,
F033,docsadmin.clerk.house.gov,/billsthisweek/{date}/{file},bill or resolution,pdf,2,https://docsadmin.clerk.house.gov/billsthisweek/20130318/BILLS-113HConRes-PIH-BudgetRes.pdf,2,2,2,0,0,0,2,"{""network_error"": 2}",,,0,0,
F034,docsadmin.clerk.house.gov,/billsthisweek/{date}/{file},other filename,pdf,8,https://docsadmin.clerk.house.gov/billsthisweek/20170424/MacArthur%20Amendment.pdf,3,3,3,0,0,0,3,"{""network_error"": 3}",,,0,0,
F035,edit-republicans.rules.house.gov,/sites/republicans.rules.house.gov/files/{path}/{file},committee report,pdf,1,https://edit-republicans.rules.house.gov/sites/republicans.rules.house.gov/files/HRPT-114-HR3009.pdf,1,1,1,0,0,0,1,"{""network_error"": 1}",,,0,0,
F036,edit-rules.house.gov,/sites/evo-subsites/rules.house.gov/files/{path}/{file},uploaded document,pdf,2,https://edit-rules.house.gov/sites/evo-subsites/rules.house.gov/files/documents/rcp_h1897-2_xml.pdf,2,2,2,0,0,0,2,"{""network_error"": 2}",,,0,0,
F037,edit-rules.house.gov,/sites/republicans.rules118.house.gov/files/{path}/{file},Rules Committee Print,pdf,1,https://edit-rules.house.gov/sites/republicans.rules118.house.gov/files/BILLS-118HR2494IH-RCP118-4_1.pdf,1,1,1,0,0,0,1,"{""network_error"": 1}",,,0,0,
F038,edit-rules.house.gov,/sites/republicans.rules118.house.gov/files/{path}/{file},uploaded document,pdf,3,https://edit-rules.house.gov/sites/republicans.rules118.house.gov/files/RCP_3935_2_xml_0.pdf,3,3,3,0,0,0,3,"{""network_error"": 3}",,,0,0,
F039,edworkforce.house.gov,/UploadedFiles/{path}/{file},other filename,pdf,17,https://edworkforce.house.gov/UploadedFiles/Christie_Testimony.pdf,3,3,3,0,3,0,0,"{""not_found"": 3}",,,1,0,
F040,edworkforce.house.gov,/uploadedfiles/{path}/{file},other filename,pdf,142,https://edworkforce.house.gov/uploadedfiles/higher_ed_-_workforce_training_lynette_dowler_4_9_2013_final.pdf,3,3,3,0,3,0,0,"{""not_found"": 3}",,,8,0,
F041,energycommerce.house.gov,/sites/democrats.energycommerce.house.gov/files/{path}/{file},uploaded document,pdf,2,https://energycommerce.house.gov/sites/democrats.energycommerce.house.gov/files/documents/2020.9.16.FCC%20Oversight%20Hearing%20FP%20Statement.CAT_.pdf,2,2,2,0,2,0,0,"{""not_found"": 2}",,,0,0,
F042,fra.europa.eu,/sites/default/files/{path}/{file},uploaded document,pdf,1,https://fra.europa.eu/sites/default/files/fra_uploads/fra-2019-young-jewish-europeans_en.pdf,1,1,1,0,1,0,0,"{""not_found"": 1}",,,0,0,
F043,invalid URL,unusable address,unknown,pdf,9,https://edworkfhttps://edworkforce.house.gov/UploadedFiles/TT_Hahn_3.15.18.pdforce.house.gov/UploadedFiles/TT_Hahn_3.15.18.pdf,0,0,0,0,0,0,0,{},,,2,0,
F044,naturalresources.house.gov,/imo/{path}/{file},other filename,pdf,1,https://naturalresources.house.gov/imo/media/doc/LWCF%20Permanent%20Funding%20Act.pdf,1,1,1,0,1,0,0,"{""not_found"": 1}",,,0,0,
F045,permanent.access.gpo.gov,/gpo2978/{path}/{file},other filename,pdf,1,https://permanent.access.gpo.gov/gpo2978/DEEPWATER_ReporttothePresident_FINAL.pdf,1,1,1,0,1,0,0,"{""not_found"": 1}",,,0,0,
F046,rules.house.gov,/sites/democrats.rules.house.gov/files/{path}/{file},Rules Committee Print,pdf,12,https://rules.house.gov/sites/democrats.rules.house.gov/files/BILLS-116HR840-RCP116-3.pdf,3,3,1,0,0,0,3,"{""blocked"": 1, ""not_attempted_host_blocked"": 2}",,,0,0,
F047,rules.house.gov,/sites/democrats.rules.house.gov/files/{path}/{file},bill or resolution,pdf,5,https://rules.house.gov/sites/democrats.rules.house.gov/files/BILLS-117HR2471SA-RCP-117-35.pdf,3,3,2,0,0,0,3,"{""blocked"": 2, ""not_attempted_host_blocked"": 1}",,,0,0,
F048,rules.house.gov,/sites/democrats.rules.house.gov/files/{path}/{file},committee report,pdf,3,https://rules.house.gov/sites/democrats.rules.house.gov/files/CRPT-117hrpt70.pdf,3,3,0,0,0,0,3,"{""not_attempted_host_blocked"": 3}",,,0,0,
F049,rules.house.gov,/sites/democrats.rules.house.gov/files/{path}/{file},uploaded document,pdf,7,https://rules.house.gov/sites/democrats.rules.house.gov/files/116-1/RCP-116-01.pdf,3,3,0,0,0,0,3,"{""not_attempted_host_blocked"": 3}",,,0,0,
F050,rules.house.gov,/sites/evo-subsites/republicans-rules.house.gov/files/{path}/{file},uploaded document,pdf,9,https://rules.house.gov/sites/evo-subsites/republicans-rules.house.gov/files/documents/rcp_h7892_h7891_xml_final.pdf,3,3,0,0,0,0,3,"{""not_attempted_host_blocked"": 3}",,,0,0,
F051,rules.house.gov,/sites/evo-subsites/rules.house.gov/files/{path}/{file},uploaded document,pdf,9,https://rules.house.gov/sites/evo-subsites/rules.house.gov/files/documents/rcp_3724_01_xml.pdf,3,3,0,0,0,0,3,"{""not_attempted_host_blocked"": 3}",,,0,0,
F052,rules.house.gov,/sites/republicans.rules.house.gov/files/{path}/{file},Rules Committee Print,pdf,5,https://rules.house.gov/sites/republicans.rules.house.gov/files/BILLS-115HR1009-RCP115-4.pdf,3,3,0,0,0,0,3,"{""not_attempted_host_blocked"": 3}",,,1,1,https://rules.house.gov/sites/republicans.rules.house.gov/files/BILLS-115HR1009-RCP115-4.xml
F053,rules.house.gov,/sites/republicans.rules.house.gov/files/{path}/{file},amendment,pdf,1,https://rules.house.gov/sites/republicans.rules.house.gov/files/BILLS-115HR4478-HAmdt.pdf,1,1,0,0,0,0,1,"{""not_attempted_host_blocked"": 1}",,,0,0,
F054,rules.house.gov,/sites/republicans.rules.house.gov/files/{path}/{file},committee report,pdf,14,https://rules.house.gov/sites/republicans.rules.house.gov/files/HRPT-113-HR83sa.pdf,3,3,0,0,0,0,3,"{""not_attempted_host_blocked"": 3}",,,2,0,
F055,rules.house.gov,/sites/republicans.rules.house.gov/files/{path}/{file},uploaded document,pdf,3,https://rules.house.gov/sites/republicans.rules.house.gov/files/115/AHCA/Palmer-Schweikert%20Amendment.pdf,3,3,0,0,0,0,3,"{""not_attempted_host_blocked"": 3}",,,0,0,
F056,rules.house.gov,/sites/republicans.rules118.house.gov/files/{path}/{file},Rules Committee Print,pdf,2,https://rules.house.gov/sites/republicans.rules118.house.gov/files/BILLS-118HR2494IH-RCP118-4_1.pdf,2,2,0,0,0,0,2,"{""not_attempted_host_blocked"": 2}",,,0,0,
F057,rules.house.gov,/sites/republicans.rules118.house.gov/files/{path}/{file},bill or resolution,pdf,8,https://rules.house.gov/sites/republicans.rules118.house.gov/files/BILLS-118hr467rh.pdf,3,3,0,0,0,0,3,"{""not_attempted_host_blocked"": 3}",,,0,0,
F058,rules.house.gov,/sites/republicans.rules118.house.gov/files/{path}/{file},uploaded document,pdf,43,https://rules.house.gov/sites/republicans.rules118.house.gov/files/RCP_277_xml.pdf,3,3,0,0,0,0,3,"{""not_attempted_host_blocked"": 3}",,,0,0,
F059,science.house.gov,/sites/republicans.science.house.gov/files/{path}/{file},disclosure,pdf,6,https://science.house.gov/sites/republicans.science.house.gov/files/documents/HHRG-113-SY18-TTF-WAllard-20130226.pdf,3,3,3,0,3,0,0,"{""not_found"": 3}",,,0,0,
F060,science.house.gov,/sites/republicans.science.house.gov/files/{path}/{file},meeting support document,pdf,2,https://science.house.gov/sites/republicans.science.house.gov/files/documents/HHRG-113-SY18-20130226-SD001.pdf,2,2,2,0,2,0,0,"{""not_found"": 2}",,,0,0,
F061,science.house.gov,/sites/republicans.science.house.gov/files/{path}/{file},witness testimony,pdf,4,https://science.house.gov/sites/republicans.science.house.gov/files/documents/HHRG-113-SY18-WState-WAllard-20130226.pdf,3,3,3,0,3,0,0,"{""not_found"": 3}",,,0,0,
F062,smallbusiness.house.gov,/uploadedfiles/{path}/{file},other filename,pdf,48,https://smallbusiness.house.gov/uploadedfiles/01-12-22_mr._ware_testimony.pdf,3,3,3,0,3,0,0,"{""not_found"": 3}",,,0,0,
F063,transportation.house.gov,/UploadedFiles/{path}/{file},other filename,pdf,1,https://transportation.house.gov/UploadedFiles/MGR_01.pdf,1,1,1,0,1,0,0,"{""not_found"": 1}",,,0,0,
F064,transportation.house.gov,/uploadedfiles/{path}/{file},other filename,pdf,1,https://transportation.house.gov/uploadedfiles/tdamend_002_xml1.pdf,1,1,1,0,1,0,0,"{""not_found"": 1}",,,0,0,
F065,waysandmeans.house.gov,/sites/democrats.waysandmeans.house.gov/files/{path}/{file},uploaded document,pdf,5,https://waysandmeans.house.gov/sites/democrats.waysandmeans.house.gov/files/documents/Stephen%20Goss%20Testimony_0.pdf,3,3,3,0,3,0,0,"{""not_found"": 3}",,,0,0,
F066,www.aging.senate.gov,/download/{document},download handler,download (format unknown),576,https://www.aging.senate.gov/download/smc_06_19_19,3,3,3,0,0,3,0,"{""html"": 3}",,,0,0,
F067,www.aging.senate.gov,/{hearing-page},hearing page,html page,83,https://www.aging.senate.gov/hearings/the-complex-web-of-prescription-drug-prices-part-iii-examining-agency-efforts-to-further-competition-and-increase-affordability,3,3,3,0,3,0,0,"{""not_found"": 3}",,,0,0,
F068,www.agriculture.senate.gov,/download/{document},download handler,download (format unknown),345,https://www.agriculture.senate.gov/download/testimony/doud-testimony,3,3,3,0,0,3,0,"{""not_xml"": 3}",,,0,0,
F069,www.agriculture.senate.gov,/{hearing-page},hearing page,html page,76,https://www.agriculture.senate.gov/hearings/certainty-in-global-markets-for-the-us-agriculture-sector,3,3,3,0,3,0,0,"{""not_found"": 3}",,,0,0,
F070,www.americanwildlifeconservation.org,/_files/{path}/{file},other filename,pdf,1,https://www.americanwildlifeconservation.org/_files/ugd/64e8b6_a5137a1179b04b3e9ba8d48ca57519fd.pdf,1,1,1,0,1,0,0,"{""not_found"": 1}",,,0,0,
F071,www.appropriations.senate.gov,/download/{document},download handler,download (format unknown),467,https://www.appropriations.senate.gov/download/022520_-chairman-blunt-opening-statement,3,3,3,0,0,3,0,"{""html"": 3}",,,0,0,
F072,www.appropriations.senate.gov,/{hearing-page},hearing page,html page,255,https://www.appropriations.senate.gov/hearings/review-of-the-fy2021-budget-request-for-hhs,3,3,3,0,3,0,0,"{""not_found"": 3}",,,0,0,
F073,www.armed-services.senate.gov,/download/{document},download handler,download (format unknown),890,https://www.armed-services.senate.gov/download/faller_07-09-19,3,3,3,0,0,3,0,"{""not_xml"": 3}",,,0,0,
F074,www.armed-services.senate.gov,/{hearing-page},hearing page,html page,224,https://www.armed-services.senate.gov/hearings/19-07-09-implementation-of-the-national-defense-strategy-in-the-united-states-southern-command-area-of-responsibility,3,3,3,0,3,0,0,"{""not_found"": 3}",,,0,0,
F075,www.banking.senate.gov,/download/{document},download handler,download (format unknown),825,https://www.banking.senate.gov/download/crapo-statement-6-5-19,3,3,3,0,0,3,0,"{""html"": 3}",,,0,0,
F076,www.banking.senate.gov,/{hearing-page},hearing page,html page,164,https://www.banking.senate.gov/hearings/05/28/2019/nomination-hearing,3,3,3,0,3,0,0,"{""not_found"": 3}",,,0,0,
F077,www.budget.senate.gov,/download/{document},download handler,download (format unknown),324,https://www.budget.senate.gov/download/john-lettieris-testimony,3,3,3,0,0,3,0,"{""html"": 3}",,,0,0,
F078,www.budget.senate.gov,/{hearing-page},hearing page,html page,59,https://www.budget.senate.gov/hearings/the-income-and-wealth-inequality-crisis-in-america,3,3,3,0,3,0,0,"{""not_found"": 3}",,,0,0,
F079,www.cbo.gov,/sites/default/files/{path}/{file},uploaded document,pdf,3,https://www.cbo.gov/sites/default/files/cbofiles/attachments/44602-LTBO_Testimony.pdf,3,3,3,0,3,0,0,"{""not_found"": 3}",,,0,0,
F080,www.commerce.senate.gov,/services/{path}/{file},other filename,download (format unknown),1,https://www.commerce.senate.gov/services/files/11770C8D-B758-4DD1-9982-0507E8428DEE,1,1,1,0,0,1,0,"{""not_xml"": 1}",,,0,0,
F081,www.commerce.senate.gov,/wp-content/uploads/meetings/{id}/{file},uploaded document,pdf,761,https://www.commerce.senate.gov/wp-content/uploads/meetings/AE6E9B57-F306-46CF-8D9C-245A9AE16E60/06_05_19Smith_Testimony.pdf,3,3,3,0,3,0,0,"{""not_found"": 3}",,,0,0,
F082,www.commerce.senate.gov,/{hearing-page},hearing page,html page,227,https://www.commerce.senate.gov/meetings/the-state-of-the-television-and-video-marketplace/,3,3,3,0,3,0,0,"{""not_found"": 3}",,,0,0,
F083,www.congress.gov,/fdsys/pkg/BILLS-{package}/pdf/{file},bill or resolution,pdf,2,https://www.congress.gov/cgi-lis/t2GPO/https://www.gpo.gov/fdsys/pkg/BILLS-113hr4005ih/pdf/BILLS-113hr4005ih.pdf,2,4,4,0,0,0,4,"{""blocked"": 4}",,,0,0,
F084,www.congress.gov,/{congress}/bills/{measure}/{file},bill or resolution,pdf,544,https://www.congress.gov/114/bills/hres152/BILLS-114hres152rh.pdf,3,3,3,3,0,0,0,"{""xml"": 3}",bill,https://www.congress.gov/116/bills/hr6636/BILLS-116hr6636ih.xml,4,4,https://www.congress.gov/115/bills/hres931/BILLS-115hres931ih.xml
F085,www.congress.gov,/{congress}/crpt/{measure}/{file},committee report,pdf,197,https://www.congress.gov/113/crpt/hrpt614/CRPT-113hrpt614-pt1.pdf,3,3,3,0,3,0,0,"{""not_found"": 3}",,,0,0,
F086,www.congress.gov,/{congress}/meeting/{chamber}/{event}/documents/{file},Rules Committee Print,pdf,250,https://www.congress.gov/113/meeting/house/100771/documents/CPRT-113-HPRT-RU00-HR1549.pdf,3,3,3,3,0,0,0,"{""xml"": 3}",amendment-doc,https://www.congress.gov/116/meeting/house/110033/documents/BILLS-116HR2203-RCP116-27.xml,0,0,
F087,www.congress.gov,/{congress}/meeting/{chamber}/{event}/documents/{file},amendment,download (format unknown),1,https://www.congress.gov/115/meeting/house/105682/documents/BILLS-115-AmendmentinthenatureofasubstitutetoSubtitle__BudgetReconciliationLegislativeRecommendationsRelatingtoRepealofTanningTax-S001156-Amdt-1.,1,1,1,0,0,1,0,"{""html"": 1}",,,0,0,
F088,www.congress.gov,/{congress}/meeting/{chamber}/{event}/documents/{file},amendment,pdf,16699,https://www.congress.gov/112/meeting/house/100034/documents/BILLS-112-HR901-S000030-Amdt-1B.pdf,3,3,3,0,3,0,0,"{""not_found"": 3}",,,0,0,
F089,www.congress.gov,/{congress}/meeting/{chamber}/{event}/documents/{file},bill or resolution,pdf,14670,https://www.congress.gov/112/meeting/house/100033/documents/BILLS-112CommRes1pih-CommitteeHiringResolution.pdf,3,3,3,1,2,0,0,"{""not_found"": 2, ""xml"": 1}",bill,https://www.congress.gov/114/meeting/house/103967/documents/BILLS-114hr758rh.xml,0,0,
F090,www.congress.gov,/{congress}/meeting/{chamber}/{event}/documents/{file},committee print,pdf,22,https://www.congress.gov/115/meeting/house/105933/documents/CPRT-115HPRT25284.pdf,3,3,3,1,2,0,0,"{""not_found"": 2, ""xml"": 1}",amendment-doc,https://www.congress.gov/118/meeting/house/115697/documents/CPRT-118HPRT52431.xml,0,0,
F091,www.congress.gov,/{congress}/meeting/{chamber}/{event}/documents/{file},committee report,pdf,1380,https://www.congress.gov/112/meeting/house/100056/documents/CRPT-112hrpt717-pt1.pdf,3,3,3,0,3,0,0,"{""not_found"": 3}",,,0,0,
F092,www.congress.gov,/{congress}/meeting/{chamber}/{event}/documents/{file},hearing transcript,pdf,3269,https://www.congress.gov/112/meeting/house/100031/documents/CHRG-112hhrg72212.pdf,3,3,3,0,3,0,0,"{""not_found"": 3}",,,0,0,
F093,www.congress.gov,/{congress}/meeting/{chamber}/{event}/documents/{file},meeting notice or other,pdf,220,https://www.congress.gov/114/meeting/house/104356/documents/HHRG-114-SM24-20160210-CPg.pdf,3,3,3,0,3,0,0,"{""not_found"": 3}",,,0,0,
F094,www.congress.gov,/{congress}/meeting/{chamber}/{event}/documents/{file},meeting support document,pdf,37629,https://www.congress.gov/112/meeting/house/100034/documents/HMKP-112-HM00-20110622-SD002.pdf,3,3,3,0,3,0,0,"{""not_found"": 3}",,,0,0,
F095,www.congress.gov,/{congress}/meeting/{chamber}/{event}/documents/{file},member roster,pdf,1309,https://www.congress.gov/114/meeting/house/103999/documents/HHRG-114-IF17-20150929-MbrRoster.pdf,3,3,3,0,3,0,0,"{""not_found"": 3}",,,0,0,
F096,www.congress.gov,/{congress}/meeting/{chamber}/{event}/documents/{file},member statement,pdf,5534,https://www.congress.gov/114/meeting/house/103175/documents/HHRG-114-IF17-MState-P000034-20150318.pdf,3,3,3,0,3,0,0,"{""not_found"": 3}",,,0,0,
F097,www.congress.gov,/{congress}/meeting/{chamber}/{event}/documents/{file},other filename,download (format unknown),1,https://www.congress.gov/117/meeting/house/114489/documents/Default.aspx?date=2022-03-07&.pdf,1,1,1,0,1,0,0,"{""not_found"": 1}",,,0,0,
F098,www.congress.gov,/{congress}/meeting/{chamber}/{event}/documents/{file},other filename,pdf,648,https://www.congress.gov/113/meeting/house/100431/documents/113-HR933-ExState.pdf,3,3,3,0,3,0,0,"{""not_found"": 3}",,,0,0,
F099,www.congress.gov,/{congress}/meeting/{chamber}/{event}/documents/{file},questions for record,pdf,1422,https://www.congress.gov/114/meeting/house/104046/documents/HHRG-114-IF02-20151008-QFR026.pdf,3,3,3,0,3,0,0,"{""not_found"": 3}",,,0,0,
F100,www.congress.gov,/{congress}/meeting/{chamber}/{event}/documents/{file},vote,pdf,8109,https://www.congress.gov/113/meeting/house/100052/documents/CRPT-113-RU00-Vote001-20130104.pdf,3,3,3,0,3,0,0,"{""not_found"": 3}",,,0,0,
F101,www.congress.gov,/{congress}/meeting/{chamber}/{event}/documents/{file},witness list,pdf,1603,https://www.congress.gov/114/meeting/house/103318/documents/HHRG-114-GO00-WList-20150414.pdf,3,3,3,0,3,0,0,"{""not_found"": 3}",,,0,0,
F102,www.congress.gov,/{congress}/meeting/{chamber}/{event}/witnesses/{file},bill or resolution,pdf,1,https://www.congress.gov/118/meeting/house/116561/witnesses/BILLS-118hr4206ih.pdf,1,1,1,0,1,0,0,"{""not_found"": 1}",,,0,0,
F103,www.congress.gov,/{congress}/meeting/{chamber}/{event}/witnesses/{file},biography,pdf,19339,https://www.congress.gov/113/meeting/house/100240/witnesses/HHRG-113-WM00-Bio-WillsD-20130214.pdf,3,3,3,0,3,0,0,"{""not_found"": 3}",,,0,0,
F104,www.congress.gov,/{congress}/meeting/{chamber}/{event}/witnesses/{file},disclosure,pdf,20038,https://www.congress.gov/113/meeting/house/100240/witnesses/HHRG-113-WM00-TTF-SteuerleE-20130214.pdf,3,3,3,0,3,0,0,"{""not_found"": 3}",,,0,0,
F105,www.congress.gov,/{congress}/meeting/{chamber}/{event}/witnesses/{file},other filename,pdf,63,https://www.congress.gov/114/meeting/house/104925/witnesses/tt_tse.pdf,3,3,3,0,3,0,0,"{""not_found"": 3}",,,0,0,
F106,www.congress.gov,/{congress}/meeting/{chamber}/{event}/witnesses/{file},witness attachment,pdf,5124,https://www.congress.gov/113/meeting/house/102644/witnesses/HHRG-113-II24-Wstate-SchubertG-20140910-SD001.pdf,3,3,3,0,3,0,0,"{""not_found"": 3}",,,0,0,
F107,www.congress.gov,/{congress}/meeting/{chamber}/{event}/witnesses/{file},witness testimony,pdf,30299,https://www.congress.gov/113/meeting/house/100240/witnesses/HHRG-113-WM00-Wstate-MurphyK-20130214.pdf,3,3,3,0,3,0,0,"{""not_found"": 3}",,,0,0,
F108,www.csce.gov,/sites/evo-subsites/csce.house.gov/files/{path}/{file},hearing transcript,pdf,13,https://www.csce.gov/sites/evo-subsites/csce.house.gov/files/migrated/uploads/2019/09/0612-Russias-Counterproductive-Counterterrorism-Transcript-Final.pdf,3,3,3,0,3,0,0,"{""not_found"": 3}",,,0,0,
F109,www.csce.gov,/sites/evo-subsites/csce.house.gov/files/{path}/{file},uploaded document,pdf,111,https://www.csce.gov/sites/evo-subsites/csce.house.gov/files/migrated/uploads/2019/04/TRANSCRIPT-unofficial-for-web-Slovakias-Chairmanship-of-the-OSCE.pdf,3,3,3,0,3,0,0,"{""not_found"": 3}",,,0,0,
F110,www.csce.gov,/www.csce.gov/sites/evo-subsites/csce.house.gov/files/{path}/{file},uploaded document,pdf,21,https://www.csce.gov/www.csce.gov/sites/evo-subsites/csce.house.gov/files/migrated/uploads/2019/07/0725-Panel-Discussion-A-Dark-Place-edited.pdf,3,3,3,0,3,0,0,"{""not_found"": 3}",,,0,0,
F111,www.csce.gov,/{hearing-page},hearing page,html page,63,https://www.csce.gov/hearings/slovakia-s-chairmanship-of-the-osce,3,3,3,0,3,0,0,"{""not_found"": 3}",,,0,0,
F112,www.dol.gov,/sites/dolgov/files/{path}/{file},uploaded document,pdf,1,https://www.dol.gov/sites/dolgov/files/ilab/child_labor_reports/tda2023/2024-tvpra-list-of-goods.pdf,1,1,1,0,0,0,1,"{""blocked"": 1}",,,0,0,
F113,www.energy.senate.gov,/download/{document},download handler,download (format unknown),8,https://www.energy.senate.gov/download/2024/09/05/flo24108-water-project-navigators-act-hickenlooperpdf,3,3,3,0,3,0,0,"{""not_found"": 3}",,,0,0,
F114,www.energy.senate.gov,/wp-content/uploads/meetings/{id}/{file},uploaded document,pdf,807,https://www.energy.senate.gov/wp-content/uploads/meetings/83B728AC-6708-40D6-9B96-CC007F5B5906/06.04.19%20-%20Energy%20Storage%20Hearing%20-%20Murkowski%27s%20Opening%20Statement%20%28as%20delivered%29.pdf,3,3,3,0,3,0,0,"{""not_found"": 3}",,,0,0,
F115,www.energy.senate.gov,/{hearing-page},hearing page,html page,154,https://www.energy.senate.gov/hearings/hearings-2019-6-hearing-to-examine-expanded-deployment-of-grid-scale-energy-storage/,3,3,3,0,3,0,0,"{""not_found"": 3}",,,0,0,
F116,www.epw.senate.gov,/public/?a=Files.Serve&File_id={id},download handler,download (format unknown),713,https://www.epw.senate.gov/public/?a=Files.Serve&File_id=05D52BCE-EBB8-4409-9037-56C9D7ADA928,3,3,3,0,0,3,0,"{""not_xml"": 3}",,,0,0,
F117,www.epw.senate.gov,/public/index.cfm?a=Files.Serve&File_id={id},download handler,download (format unknown),1,https://www.epw.senate.gov/public/index.cfm?a=files.serve&File_id=55297683-D1CE-4F86-AA5E-DF60F3E9229F,1,1,1,0,0,1,0,"{""not_xml"": 1}",,,0,0,
F118,www.epw.senate.gov,/{hearing-page},hearing page,html page,164,https://www.epw.senate.gov/public/index.cfm/hearings?ID=568F50FF-A13F-43F5-9DB3-B39D8A519E8C,3,3,3,0,3,0,0,"{""not_found"": 3}",,,0,0,
F119,www.finance.senate.gov,/download/{document},download handler,download (format unknown),1068,https://www.finance.senate.gov/download/grassleystatment652019,3,3,3,0,0,3,0,"{""html"": 3}",,,0,0,
F120,www.finance.senate.gov,/{hearing-page},hearing page,html page,162,https://www.finance.senate.gov/hearings/foreign-threats-to-taxpayer_funded-research-oversight-opportunities-and-policy-solutions,3,3,3,0,3,0,0,"{""not_found"": 3}",,,0,0,
F121,www.foreign.senate.gov,/download/{document},download handler,download (format unknown),1093,https://www.foreign.senate.gov/download/xiao-testimony-061519,3,3,3,0,0,3,0,"{""not_xml"": 3}",,,0,0,
F122,www.foreign.senate.gov,/{hearing-page},hearing page,html page,279,https://www.foreign.senate.gov/hearings/rule-by-fear-30-years-after-tiananman-square,3,3,3,0,3,0,0,"{""not_found"": 3}",,,0,0,
F123,www.gao.gov,/assets/{path}/{file},other filename,pdf,2,https://www.gao.gov/assets/gao-18-547.pdf,2,2,2,0,0,0,2,"{""blocked"": 2}",,,0,0,
F124,www.govinfo.gov,/content/pkg/BILLS-{package}/pdf/{file},bill or resolution,pdf,782,https://www.govinfo.gov/content/pkg/BILLS-115hres1181rh/pdf/BILLS-115hres1181rh.pdf,3,6,6,3,0,3,0,"{""html"": 3, ""xml"": 3}","bill, resolution",https://www.govinfo.gov/content/pkg/BILLS-118hr8752rh/xml/BILLS-118hr8752rh.xml,7,0,
F125,www.govinfo.gov,/content/pkg/CHRG-{package}/html/{file},hearing transcript,htm,34559,https://www.govinfo.gov/content/pkg/CHRG-106hhrg53880/html/CHRG-106hhrg53880.htm,3,6,6,0,0,6,0,"{""html"": 6}",,,0,0,
F126,www.govinfo.gov,/content/pkg/CHRG-{package}/pdf/{file},hearing transcript,pdf,34573,https://www.govinfo.gov/content/pkg/CHRG-116shrg40156/pdf/CHRG-116shrg40156.pdf,3,6,6,0,0,6,0,"{""html"": 6}",,,0,0,
F127,www.govinfo.gov,/content/pkg/CPRT-{package}/pdf/{file},committee print,pdf,18,https://www.govinfo.gov/content/pkg/CPRT-116HPRT34159/pdf/CPRT-116HPRT34159.pdf,3,6,6,3,0,3,0,"{""html"": 3, ""xml"": 3}",amendment-doc,https://www.govinfo.gov/content/pkg/CPRT-118HPRT54293/xml/CPRT-118HPRT54293.xml,0,0,
F128,www.govinfo.gov,/content/pkg/CRPT-{package}/pdf/{file},committee report,pdf,615,https://www.govinfo.gov/content/pkg/CRPT-115hrpt1085/pdf/CRPT-115hrpt1085.pdf,3,6,6,0,0,6,0,"{""html"": 6}",,,1,0,
F129,www.gpo.gov,/fdsys/pkg/BILLS-{package}/pdf/{file},bill or resolution,pdf,495,https://www.gpo.gov/fdsys/pkg/BILLS-114hres100rh/pdf/BILLS-114hres100rh.pdf,3,6,6,3,0,3,0,"{""html"": 3, ""xml"": 3}","bill, resolution",https://www.gpo.gov/fdsys/pkg/BILLS-115hr38rh/xml/BILLS-115hr38rh.xml,18,0,
F130,www.gpo.gov,/fdsys/pkg/CHRG-{package}/pdf/{file},hearing transcript,pdf,141,http://www.gpo.gov/fdsys/pkg/CHRG-113hhrg81460/pdf/CHRG-113hhrg81460.pdf,3,6,6,0,0,6,0,"{""html"": 6}",,,0,0,
F131,www.gpo.gov,/fdsys/pkg/CPRT-{package}/pdf/{file},committee print,pdf,2,https://www.gpo.gov/fdsys/pkg/CPRT-115HPRT25284/pdf/CPRT-115HPRT25284.pdf,2,4,4,1,0,3,0,"{""html"": 3, ""xml"": 1}",amendment-doc,https://www.gpo.gov/fdsys/pkg/CPRT-115HPRT24746/xml/CPRT-115HPRT24746.xml,0,0,
F132,www.gpo.gov,/fdsys/pkg/CRPT-{package}/pdf/{file},committee report,pdf,324,https://www.gpo.gov/fdsys/pkg/CRPT-115hrpt15/pdf/CRPT-115hrpt15.pdf,3,6,6,0,0,6,0,"{""html"": 6}",,,17,0,
F133,www.help.senate.gov,/download/{document},download handler,download (format unknown),476,https://www.help.senate.gov/download/testimony/zeller-testimonydf,3,3,3,0,0,3,0,"{""not_xml"": 3}",,,0,0,
F134,www.help.senate.gov,/{hearing-page},hearing page,html page,143,https://www.help.senate.gov/hearings/examining-the-response-to-lung-illnesses-and-rising-youth-electronic-cigarette-use,3,3,3,0,3,0,0,"{""not_found"": 3}",,,0,0,
F135,www.hsgac.senate.gov,/wp-content/uploads/{path}/{file},uploaded document,pdf,620,https://www.hsgac.senate.gov/wp-content/uploads/imo/media/doc/Opening Statement-Johnson-2019-06-04.pdf,3,3,3,0,3,0,0,"{""not_found"": 3}",,,0,0,
F136,www.hsgac.senate.gov,/{hearing-page},hearing page,html page,211,https://www.hsgac.senate.gov/hearings/sensibly-reforming-the-chemical-facility-anti-terrorism-standards-program/,3,3,3,0,3,0,0,"{""not_found"": 3}",,,0,0,
F137,www.indian.senate.gov,/sites/default/files/{path}/{file},uploaded document,pdf,113,https://www.indian.senate.gov/sites/default/files/Andrew%20Von%20Ah%20Hearing%20Testimony%20Final.pdf,3,3,3,0,3,0,0,"{""not_found"": 3}",,,0,0,
F138,www.indian.senate.gov,/wp-content/uploads/{path}/{file},uploaded document,pdf,35,https://www.indian.senate.gov/wp-content/uploads/documents/CHRG-116shrg39465.pdf,3,3,3,0,3,0,0,"{""not_found"": 3}",,,0,0,
F139,www.indian.senate.gov,/{hearing-page},hearing page,html page,49,https://www.indian.senate.gov/hearings/oversight-hearing-gao-report-tribal-access-spectrum-promoting-communications-services-indian/,3,3,3,0,3,0,0,"{""not_found"": 3}",,,0,0,
F140,www.jec.senate.gov,/public/_cache/files/{id}/{file},uploaded document,pdf,113,https://www.jec.senate.gov/public/_cache/files/c1701c9d-4c3b-44e1-ac80-90c54951ccab/chrg-116shrg36469.pdf,3,3,3,0,0,3,0,"{""html"": 3}",,,0,0,
F141,www.jec.senate.gov,/public/index.cfm?a=Files.Serve&File_id={id},download handler,download (format unknown),99,https://www.jec.senate.gov/public/index.cfm?a=files.serve&File_id=494DDE05-D154-4E29-9F1C-DB4C6409AF46,3,3,3,0,0,3,0,"{""not_xml"": 3}",,,0,0,
F142,www.jec.senate.gov,/{hearing-page},hearing page,html page,41,https://www.jec.senate.gov/public/index.cfm/hearings-calendar?id=F647A9B1-8F5F-45BB-8F80-75FA2693E14F,3,3,3,0,0,0,3,"{""blocked"": 3}",,,0,0,
F143,www.judiciary.senate.gov,/download/{document},download handler,download (format unknown),3875,https://www.judiciary.senate.gov/download/06/04/2026/chester-testimony-1,3,3,3,0,0,3,0,"{""not_xml"": 3}",,,0,0,
F144,www.judiciary.senate.gov,/{hearing-page},hearing page,html page,372,https://www.judiciary.senate.gov/committee-activity/hearings/the-countdown-fentanyl-analogues-and-the-expiring-emergency-scheduling-order,3,3,3,0,3,0,0,"{""not_found"": 3}",,,0,0,
F145,www.lis.gov,/fdsys/pkg/BILLS-{package}/pdf/{file},bill or resolution,pdf,1,http://www.lis.gov/cgi-lis/t2GPO/http://www.gpo.gov/fdsys/pkg/BILLS-114hr456ih/pdf/BILLS-114hr456ih.pdf,1,2,2,0,0,0,2,"{""network_error"": 2}",,,0,0,
F146,www.mresearch.com,/wp-content/uploads/{path}/{file},uploaded document,pdf,1,http://www.mresearch.com/wp-content/uploads/20200723-Robert-McCullough-Longform-Vita.pdf,1,1,1,0,1,0,0,"{""not_found"": 1}",,,0,0,
F147,www.pstrust.org,/docs/{path}/{file},other filename,pdf,2,https://www.pstrust.org/docs/shortbio-weimer.pdf,2,2,2,0,0,0,2,"{""blocked"": 2}",,,0,0,
F148,www.rules.house.gov,/Media/{path}/{file},committee report,pdf,2,https://www.rules.house.gov/Media/file/PDF_113_1/Reports/HRPT-113-HR1911.pdf,2,2,2,0,0,0,2,"{""network_error"": 2}",,,0,0,
F149,www.rules.senate.gov,/download/{document},download handler,download (format unknown),195,https://www.rules.senate.gov/download/7-24-19-mr-michael-leary-testimony,3,3,3,0,0,3,0,"{""not_xml"": 3}",,,0,0,
F150,www.rules.senate.gov,/{hearing-page},hearing page,html page,30,https://www.rules.senate.gov/hearings/oversight-of-the-government-publishing-office_-office-of-the-inspector-general,3,3,3,0,3,0,0,"{""not_found"": 3}",,,0,0,
F151,www.sbc.senate.gov,/public/?a=Files.Serve&File_id={id},download handler,download (format unknown),117,https://www.sbc.senate.gov/public/?a=Files.Serve&File_id=0C63A59E-C67C-4A17-A384-C02C6483EE19,3,3,3,0,0,3,0,"{""not_xml"": 3}",,,0,0,
F152,www.sbc.senate.gov,/{hearing-page},hearing page,html page,39,https://www.sbc.senate.gov/public/index.cfm/hearings?ID=C3A06CAC-0B40-41DB-A5F7-FE704D9D8259,3,3,3,0,3,0,0,"{""not_found"": 3}",,,0,0,
F153,www.speaker.gov,/wp-content/uploads/{path}/{file},uploaded document,pdf,1,https://www.speaker.gov/wp-content/uploads/2023/04/LSGA_xml.pdf,1,1,1,0,1,0,0,"{""not_found"": 1}",,,0,0,
F154,www.veterans.senate.gov,/files/{path}/{file},other filename,pdf,2,https://www.veterans.senate.gov/files/GPO_FINAL_3.13.24.pdf,2,2,2,0,2,0,0,"{""not_found"": 2}",,,0,0,
F155,www.veterans.senate.gov,/services/{path}/{file},other filename,download (format unknown),550,https://www.veterans.senate.gov/services/files/9AE10297-EE02-4E8C-A336-F39D360CF492,3,3,3,0,0,3,0,"{""not_xml"": 3}",,,0,0,
F156,www.veterans.senate.gov,/themes/{path}/{file},other filename,pdf,2,https://www.veterans.senate.gov/themes/veterans/assets/files/GPO_FINAL_12.1.21.pdf,2,2,2,0,2,0,0,"{""not_found"": 2}",,,0,0,
F157,www.veterans.senate.gov,/{hearing-page},hearing page,html page,96,https://www.veterans.senate.gov/2020/3/legislative-presentation-of-the-american-legion-3-11-20,3,3,3,0,3,0,0,"{""not_found"": 3}",,,0,0,
